DeviceName,DeviceType,Direction,Flow,Limit,Description,Contingency,CalendarPeriod,TimeOfUse,ShadowPrice
1013 WOLFSS_8 1103 SANDHLTA 1,Line,To - From,-166.5,166.5,Hard Constraint,DMOSME25,AUG_2025,Off-peak,616.89
1013 WOLFSS_8 1103 SANDHLTA 1,Line,To - From,-166.5,166.5,Hard Constraint,DMOSME25,AUG_2025,PeakWD,179.59
1019 MOSS_8 1292 ECTRHARP 1,Line,From - To,327.8,327.8,Hard Constraint,DWLFMET5,AUG_2025,Off-peak,27.29
1019 MOSS_8 1292 ECTRHARP 1,Line,To - From,-327.8,327.8,Hard Constraint,SWLFECT8,AUG_2025,Off-peak,10.01
1027 ODESEHV_ 11111 YARBRGH 1,Line,From - To,191.7,191.7,Hard Constraint,DMOSME25,AUG_2025,Off-peak,9970.4
1027 ODESEHV_ 11111 YARBRGH 1,Line,From - To,191.7,191.7,Hard Constraint,DMOSME25,AUG_2025,PeakWD,3597.64
1027 ODESEHV_ 11111 YARBRGH 1,Line,From - To,191.7,191.7,Hard Constraint,DMOSME25,AUG_2025,PeakWE,1323.03
1030 MRGNCRK_ 1058 LONGSHOR 1,Line,From - To,958.5,958.5,Hard Constraint,SW_BW_25,AUG_2025,Off-peak,29.96
1030 MRGNCRK_ 11048 TONKAWA 1,Line,To - From,-1432.7,1432.7,Hard Constraint,DMGSBTR5,AUG_2025,Off-peak,216.55
1058 LONGSHOR 11387 CONSAVV 9,Line,From - To,958.4,958.4,Hard Constraint,DBAKCED5,AUG_2025,Off-peak,5283.7
1058 LONGSHOR 11387 CONSAVV 9,Line,From - To,958.4,958.4,Hard Constraint,DCONLNG5,AUG_2025,Off-peak,888.76
1058 LONGSHOR 11387 CONSAVV 9,Line,From - To,958.4,958.4,Hard Constraint,DBAKCED5,AUG_2025,PeakWD,417.39
1058 LONGSHOR 11387 CONSAVV 9,Line,From - To,958.4,958.4,Hard Constraint,DCONLNG5,AUG_2025,PeakWD,832.71
1058 LONGSHOR 11387 CONSAVV 9,Line,From - To,958.4,958.4,Hard Constraint,DBAKCED5,AUG_2025,PeakWE,263.16
1058 LONGSHOR 11387 CONSAVV 9,Line,From - To,958.4,958.4,Hard Constraint,DCONLNG5,AUG_2025,PeakWE,485.99
1095 SCRWBEAN 11224 CRATERC 1,Line,To - From,-551.7,551.7,Hard Constraint,DRVRTMD8,AUG_2025,PeakWD,2.11
1097 CULBERSO 7389 L_PINNAC 1,Line,From - To,435.6,435.6,Hard Constraint,,AUG_2025,PeakWD,0.15
1097 CULBERSO 7389 L_PINNAC 1,Line,To - From,-435.6,435.6,Hard Constraint,DBRNCMN8,AUG_2025,PeakWE,0.12
11016 QUAILSW 11028 ODESEHV 1,Line,From - To,958.5,958.5,Hard Constraint,SODETES5,AUG_2025,Off-peak,189.53
11097 SANDLAK 38145 TNCEDRV 2,Line,From - To,551.7,551.7,Hard Constraint,SSL2CED8,AUG_2025,Off-peak,70.92
11097 SANDLAK 38145 TNCEDRV 2,Line,From - To,551.7,551.7,Hard Constraint,SSL2CED8,AUG_2025,PeakWD,11.48
11097 SANDLAK 38145 TNCEDRV 2,Line,From - To,551.7,551.7,Hard Constraint,SSL2CED8,AUG_2025,PeakWE,2.3
1111 BIG3ODTA 1113 ODESASW1 1,Line,From - To,353.7,353.7,Hard Constraint,DODEMOS5,AUG_2025,PeakWD,36.81
11149 HOWDEN_ 11362 FLOWRGR 1,Line,To - From,-111.6,111.6,Hard Constraint,STRBCGR8,AUG_2025,Off-peak,1651.29
11182 MCLLVAI 38105 TNSANDL 1,Line,From - To,217.8,217.8,Hard Constraint,SSALCHL5,AUG_2025,PeakWD,5.32
1122 ODESSANO 1126 ODESSA2_ 1,Line,To - From,-364.5,364.5,Hard Constraint,DODEMOS5,AUG_2025,PeakWD,87.67
1122 ODESSANO 1126 ODESSA2_ 1,Line,To - From,-364.5,364.5,Hard Constraint,DODEMOS5,AUG_2025,PeakWE,151.79
11260 DUNE_8 182301 PHOEBE 1,Line,To - From,-291.6,291.6,Hard Constraint,SBATPAL8,AUG_2025,Off-peak,1.05
1141 HOLTSS_8 11211 TURNBAU 1,Line,From - To,166.5,166.5,Hard Constraint,DWLFMET5,AUG_2025,Off-peak,8.31
1141 HOLTSS_8 11211 TURNBAU 1,Line,From - To,166.5,166.5,Hard Constraint,DWLFMET5,AUG_2025,PeakWD,23.68
11688 THORNTR 11700 SALTILL 1,Line,From - To,958.5,958.5,Hard Constraint,DTTRMNS5,AUG_2025,PeakWD,0.81
11688 THORNTR 11700 SALTILL 1,Line,From - To,958.5,958.5,Hard Constraint,SFMRCYC5,AUG_2025,PeakWE,1.38
11808 LORING_ 11809 COPPERH 1,Line,From - To,191.7,191.7,Hard Constraint,DVLSPAC5,AUG_2025,PeakWD,38.45
1301 WILLOWVA 1308 GAILLYNT 1,Line,From - To,166.5,166.5,Hard Constraint,DWLDSCO5,AUG_2025,Off-peak,3818.65
1301 WILLOWVA 1308 GAILLYNT 1,Line,From - To,166.5,166.5,Hard Constraint,DWLDSCO5,AUG_2025,PeakWE,369.35
1304 DEEPCRK_ 1311 SACROC_8 1,Line,To - From,-166.5,166.5,Hard Constraint,DMTSCOS5,AUG_2025,Off-peak,208.49
1304 DEEPCRK_ 1311 SACROC_8 1,Line,To - From,-166.5,166.5,Hard Constraint,SGLDSUN8,AUG_2025,Off-peak,1.05
1306 SNYDER_9 1376 AMOCOTAP 1,Line,From - To,37.8,37.8,Hard Constraint,SSNYCGR8,AUG_2025,Off-peak,38.63
1309 BLUFCKTA 1318 CHINAGRV 1,Line,From - To,166.5,166.5,Hard Constraint,SECRDMT8,AUG_2025,PeakWD,2775.35
1309 BLUFCKTA 1318 CHINAGRV 1,Line,From - To,166.5,166.5,Hard Constraint,SECRDMT8,AUG_2025,PeakWE,1417.83
1310 KNAPP_8 1312 SCURYCHV 1,Line,To - From,-166.5,166.5,Hard Constraint,DMTSCOS5,AUG_2025,Off-peak,13808.32
1310 KNAPP_8 1312 SCURYCHV 1,Line,To - From,-166.5,166.5,Hard Constraint,DSCOFAR5,AUG_2025,Off-peak,1400.16
1310 KNAPP_8 1312 SCURYCHV 1,Line,To - From,-166.5,166.5,Hard Constraint,DMTSCOS5,AUG_2025,PeakWD,9402.99
1310 KNAPP_8 1312 SCURYCHV 1,Line,To - From,-166.5,166.5,Hard Constraint,DMTSCOS5,AUG_2025,PeakWE,4393.13
13142 TYLERSW 13235 CHANDLE 1,Line,From - To,28.8,28.8,Hard Constraint,DTRCTYG5,AUG_2025,PeakWD,15760.56
13142 TYLERSW 13235 CHANDLE 1,Line,From - To,28.8,28.8,Hard Constraint,DTRSENT5,AUG_2025,PeakWE,688.24
132 BELLCNTY8 3640 SALADO1_ 1,Line,From - To,191.7,191.7,Hard Constraint,DSALHUT5,AUG_2025,PeakWD,19744.79
132 BELLCNTY8 3640 SALADO1_ 1,Line,From - To,191.7,191.7,Hard Constraint,DSALHUT5,AUG_2025,PeakWE,6101.7
1321 CARBONSW 1323 BIGSPRIG 1,Line,From - To,55.8,55.8,Hard Constraint,DMGSCON5,AUG_2025,Off-peak,53.67
1321 CARBONSW 1323 BIGSPRIG 1,Line,From - To,55.8,55.8,Hard Constraint,DMGSCON5,AUG_2025,PeakWD,79.3
1321 CARBONSW 1323 BIGSPRIG 1,Line,From - To,55.8,55.8,Hard Constraint,DMGSCON5,AUG_2025,PeakWE,55.09
1333 MCDONALD 1334 GLASSCNT 1,Line,From - To,166.5,166.5,Hard Constraint,DMCDSHP8,AUG_2025,PeakWD,45.93
1333 MCDONALD 1334 GLASSCNT 1,Line,From - To,166.5,166.5,Hard Constraint,DMCDSHP8,AUG_2025,PeakWE,8.89
1334 GLASSCNT 1335 FORSANTA 1,Line,To - From,-166.5,166.5,Hard Constraint,SMCDNAV8,AUG_2025,PeakWD,31.13
1334 GLASSCNT 1335 FORSANTA 1,Line,To - From,-166.5,166.5,Hard Constraint,SMCDNAV8,AUG_2025,PeakWE,12.84
1335 FORSANTA 11337 POLECAT 1,Line,To - From,-166.5,166.5,Hard Constraint,SMCDNAV8,AUG_2025,Off-peak,91.41
1335 FORSANTA 11337 POLECAT 1,Line,To - From,-166.5,166.5,Hard Constraint,SMCDNAV8,AUG_2025,PeakWD,123.61
1355 BUZZDRAW 23829 KOCHTAP 1,Line,To - From,-353.7,353.7,Hard Constraint,SW_LVLT5,AUG_2025,Off-peak,17247.12
1355 BUZZDRAW 23829 KOCHTAP 1,Line,To - From,-353.7,353.7,Hard Constraint,SW_LVLT5,AUG_2025,PeakWD,8211.35
1355 BUZZDRAW 23829 KOCHTAP 1,Line,To - From,-353.7,353.7,Hard Constraint,SW_LVLT5,AUG_2025,PeakWE,3728.28
1360 GUNSIGHT 1396 HIGHPLAI 1,Line,From - To,111.6,111.6,Hard Constraint,SBSPBUZ8,AUG_2025,PeakWD,87.67
1380 PLOWBOY_ 1381 SWEETWTR 1,Line,To - From,-37.8,37.8,Hard Constraint,SFLNBHI9,AUG_2025,Off-peak,2.51
139 LAKEBELTO 3610 BELTON1_ 1,Line,To - From,-212.4,212.4,Hard Constraint,SCAYBOS8,AUG_2025,PeakWE,54.73
1430 GRHAMSES 17002 GARVEYR 1,Line,To - From,-958.5,958.5,Hard Constraint,SBOMJC25,AUG_2025,Off-peak,30.72
1441 COMCHESS 1650 COMANCHE 1,Line,From - To,166.5,166.5,Hard Constraint,SCMNCPS5,AUG_2025,Off-peak,832.38
1441 COMCHESS 1650 COMANCHE 1,Line,From - To,166.5,166.5,Hard Constraint,DCPSMBD5,AUG_2025,PeakWD,143.19
1441 COMCHESS 1650 COMANCHE 1,Line,From - To,166.5,166.5,Hard Constraint,XCMB58,AUG_2025,PeakWD,4629.88
1441 COMCHESS 1650 COMANCHE 1,Line,From - To,166.5,166.5,Hard Constraint,XCMB58,AUG_2025,PeakWE,1605.9
1441 COMCHESS 1667 PINKNEY_ 1,Line,From - To,166.5,166.5,Hard Constraint,SZEPCMN8,AUG_2025,PeakWD,865.81
1473 NAVYKSS1 1604 ANARENE1 1,Line,From - To,37.8,37.8,Hard Constraint,SSCLWF18,AUG_2025,Off-peak,289.98
1473 NAVYKSS1 1604 ANARENE1 1,Line,From - To,37.8,37.8,Hard Constraint,SSCLWF18,AUG_2025,PeakWD,1452.67
1473 NAVYKSS1 1604 ANARENE1 1,Line,From - To,37.8,37.8,Hard Constraint,SSCLWF18,AUG_2025,PeakWE,204
1500 PARKWAY1 901199 BOWMAN 1,Line,To - From,-191.7,191.7,Hard Constraint,DWFCBOM8,AUG_2025,Off-peak,3.68
1500 PARKWAY1 901199 BOWMAN 1,Line,To - From,-191.7,191.7,Hard Constraint,DWFCBOM8,AUG_2025,PeakWD,33.7
1510 DENTN_CR 1568 ALLISON_ 5,Line,From - To,191.7,191.7,Hard Constraint,DEXCHCK5,AUG_2025,PeakWD,199.98
1510 DENTN_CR 1568 ALLISON_ 5,Line,From - To,191.7,191.7,Hard Constraint,SMYRSPR8,AUG_2025,PeakWD,71.89
1578 JUNIPER_ 1599 BARTON_8 1,Line,To - From,-166.5,166.5,Hard Constraint,DJCKHND5,AUG_2025,Off-peak,87.75
1578 JUNIPER_ 1599 BARTON_8 1,Line,To - From,-166.5,166.5,Hard Constraint,DJCKHND5,AUG_2025,PeakWE,17.31
158 PANCAKE 37580 TNPANCA 1,Line,To - From,-64.8,64.8,Hard Constraint,XHA2S89,AUG_2025,Off-peak,1213.52
158 PANCAKE 37580 TNPANCA 1,Line,To - From,-64.8,64.8,Hard Constraint,XHA2S89,AUG_2025,PeakWD,218.56
160008 DC_R_B 909752 RAILRO 1,Line,To - From,-309.6,309.6,Hard Constraint,,AUG_2025,Off-peak,4.96
160008 DC_R_B 909752 RAILRO 1,Line,To - From,-309.6,309.6,Hard Constraint,SKYLSAN8,AUG_2025,PeakWD,9.21
160008 DC_R_B 909752 RAILRO 1,Line,To - From,-309.6,309.6,Hard Constraint,SS_MRAI8,AUG_2025,PeakWE,3.2
1602 GRAHAM_9 1603 OLNEY_P9 1,Line,To - From,-37.8,37.8,Hard Constraint,DGRMGRS8,AUG_2025,Off-peak,679.11
1603 OLNEY_P9 1605 CWDRDSW1 1,Line,To - From,-37.8,37.8,Hard Constraint,DGRMGRS8,AUG_2025,Off-peak,259.93
1603 OLNEY_P9 1605 CWDRDSW1 1,Line,To - From,-37.8,37.8,Hard Constraint,DGRMGRS8,AUG_2025,PeakWD,1486.44
1603 OLNEY_P9 1605 CWDRDSW1 1,Line,From - To,37.8,37.8,Hard Constraint,SRICGRS8,AUG_2025,PeakWD,471.47
1603 OLNEY_P9 1605 CWDRDSW1 1,Line,To - From,-37.8,37.8,Hard Constraint,DGRMGRS8,AUG_2025,PeakWE,628.13
1604 ANARENE1 1605 CWDRDSW1 1,Line,To - From,-37.8,37.8,Hard Constraint,SCRDOL29,AUG_2025,PeakWD,61.01
1621 EASTLAND 1623 MORTNVAL 3,Line,To - From,-25.2,25.2,Hard Constraint,SCLCGTN8,AUG_2025,PeakWD,905.24
1621 EASTLAND 1623 MORTNVAL 3,Line,To - From,-25.2,25.2,Hard Constraint,SCLCGTN8,AUG_2025,PeakWE,644.93
1624 LEONSW_8 909637 PUTN4B 1,Line,From - To,74.7,74.7,Hard Constraint,DPUTAB98,AUG_2025,Off-peak,661.24
1624 LEONSW_8 909637 PUTN4B 1,Line,From - To,74.7,74.7,Hard Constraint,SCISPUT8,AUG_2025,PeakWD,4177.07
1624 LEONSW_8 909637 PUTN4B 1,Line,From - To,74.7,74.7,Hard Constraint,SCISPUT8,AUG_2025,PeakWE,2771.08
1638 SLSTR1PP 1642 FLATCRK_ 1,Line,From - To,67.3,67.3,Hard Constraint,,AUG_2025,Off-peak,145.14
1685 FARMVLSW 2461 ROYSE_N5 1,Line,From - To,958.5,958.5,Hard Constraint,SFMRRYS5,AUG_2025,PeakWD,305.58
1685 FARMVLSW 2461 ROYSE_N5 1,Line,From - To,958.5,958.5,Hard Constraint,SFMRRYS5,AUG_2025,PeakWE,180.22
1692 PARIS_SW 11699 WOODARD 1,Line,To - From,-958.5,958.5,Hard Constraint,DPRSPAC5,AUG_2025,Off-peak,6.48
1692 PARIS_SW 11699 WOODARD 1,Line,From - To,958.5,958.5,Hard Constraint,DPRSPAC5,AUG_2025,Off-peak,2.69
1692 PARIS_SW 11699 WOODARD 1,Line,From - To,958.5,958.5,Hard Constraint,DVLSPAC5,AUG_2025,Off-peak,0.44
1692 PARIS_SW 11699 WOODARD 1,Line,From - To,958.5,958.5,Hard Constraint,DVLSPAC5,AUG_2025,PeakWD,31.63
1692 PARIS_SW 11699 WOODARD 1,Line,From - To,958.5,958.5,Hard Constraint,DVLSPAC5,AUG_2025,PeakWE,0.75
1692 PARIS_SW 140067 LPCCS_ 1,Line,From - To,1458.9,1458.9,Hard Constraint,STNWTDW5,AUG_2025,PeakWD,255.24
1692 PARIS_SW 140067 LPCCS_ 1,Line,From - To,1458.9,1458.9,Hard Constraint,DMDAVEN5,AUG_2025,PeakWE,76.59
1693 PARIS_SW 1801 PAR_PUMP 1,Line,From - To,224.1,224.1,Hard Constraint,DVLSPAC5,AUG_2025,Off-peak,7.21
1693 PARIS_SW 1801 PAR_PUMP 1,Line,From - To,224.1,224.1,Hard Constraint,DVLSPAC5,AUG_2025,PeakWD,55.81
1693 PARIS_SW 1801 PAR_PUMP 1,Line,From - To,224.1,224.1,Hard Constraint,DVLSPAC5,AUG_2025,PeakWE,9.24
1693 PARIS_SW 2163 FLYNGTGR 1,Line,To - From,-191.7,191.7,Hard Constraint,SPRSPAR8,AUG_2025,PeakWD,39.19
1693 PARIS_SW 2163 FLYNGTGR 1,Line,To - From,-199.9,199.9,Hard Constraint,DPRSHWK8,AUG_2025,PeakWE,85.95
1694 TENASKA_ 1700 TOCO_8 2,Line,From - To,273.9,273.9,Hard Constraint,DPRSHWK8,AUG_2025,PeakWD,377.3
1694 TENASKA_ 1700 TOCO_8 2,Line,From - To,273.9,273.9,Hard Constraint,DPRSHWK8,AUG_2025,PeakWE,54.78
1695 MOSES_5 11688 THORNTR 2,Line,To - From,-958.5,958.5,Hard Constraint,STT2MNS5,AUG_2025,Off-peak,1.98
1695 MOSES_5 11688 THORNTR 2,Line,To - From,-958.5,958.5,Hard Constraint,STT2MNS5,AUG_2025,PeakWD,27.75
1695 MOSES_5 11699 WOODARD 1,Line,From - To,958.5,958.5,Hard Constraint,DPRSPAC5,AUG_2025,Off-peak,0.34
1695 MOSES_5 11699 WOODARD 1,Line,To - From,-958.5,958.5,Hard Constraint,DVLSPAC5,AUG_2025,PeakWD,440.33
1695 MOSES_5 11699 WOODARD 1,Line,From - To,958.5,958.5,Hard Constraint,DPRSPAC5,AUG_2025,PeakWE,4.18
1695 MOSES_5 11699 WOODARD 1,Line,To - From,-958.5,958.5,Hard Constraint,DVLSPAC5,AUG_2025,PeakWE,128.9
1695 MOSES_5 1697 SULSP_SS 1,Line,From - To,958.5,958.5,Hard Constraint,DFMRCYC5,AUG_2025,PeakWE,28.71
1696 MOSES1_T 12464 STOUTSC 1,Line,From - To,958.5,958.5,Hard Constraint,DFMRSLT5,AUG_2025,Off-peak,4.6
1696 MOSES1_T 12464 STOUTSC 1,Line,From - To,958.5,958.5,Hard Constraint,DTTRSLT5,AUG_2025,Off-peak,8.95
1696 MOSES1_T 12464 STOUTSC 1,Line,From - To,958.5,958.5,Hard Constraint,DFMRCYC5,AUG_2025,PeakWD,1027.31
1696 MOSES1_T 12464 STOUTSC 1,Line,From - To,958.5,958.5,Hard Constraint,DFMRCYC5,AUG_2025,PeakWE,372.3
1697 SULSP_SS 2464 CASHSW_T 1,Line,From - To,946.8,946.8,Hard Constraint,DFMRCYC5,AUG_2025,PeakWD,1279.45
1697 SULSP_SS 2464 CASHSW_T 1,Line,From - To,946.8,946.8,Hard Constraint,DTTRSLT5,AUG_2025,PeakWD,10.63
1697 SULSP_SS 2464 CASHSW_T 1,Line,From - To,946.8,946.8,Hard Constraint,DFMRCYC5,AUG_2025,PeakWE,287.79
1730 W_KRUM_5 11736 BIRDDOG 1,Line,To - From,-1458.9,1458.9,Hard Constraint,DJCKHND5,AUG_2025,Off-peak,56.84
1730 W_KRUM_5 11736 BIRDDOG 1,Line,To - From,-1458.9,1458.9,Hard Constraint,DJCKHND5,AUG_2025,PeakWD,62.28
1730 W_KRUM_5 11736 BIRDDOG 1,Line,To - From,-1458.9,1458.9,Hard Constraint,DJCKHND5,AUG_2025,PeakWE,5.94
1739 DENISND_ 6949 DENISDMA 1,Line,From - To,128.7,128.7,Hard Constraint,DFOWSMG5,AUG_2025,Off-peak,7.21
1739 DENISND_ 6949 DENISDMA 1,Line,From - To,128.7,128.7,Hard Constraint,,AUG_2025,PeakWD,13.23
1739 DENISND_ 6949 DENISDMA 1,Line,From - To,128.7,128.7,Hard Constraint,SSHIMCC8,AUG_2025,PeakWE,32.87
1760 BONHMSS1 1808 BONHAM_8 1,Line,From - To,191.7,191.7,Hard Constraint,DPRSPAC5,AUG_2025,Off-peak,0.03
1773 PARIS_E_ 1786 RENO_T8 2,Line,To - From,-191.7,191.7,Hard Constraint,DPRSHWK8,AUG_2025,Off-peak,1.21
1773 PARIS_E_ 1786 RENO_T8 2,Line,From - To,191.7,191.7,Hard Constraint,DPRSHWK8,AUG_2025,Off-peak,1.24
1773 PARIS_E_ 1786 RENO_T8 2,Line,To - From,-191.7,191.7,Hard Constraint,STNSTCO8,AUG_2025,Off-peak,7.68
1773 PARIS_E_ 1786 RENO_T8 2,Line,From - To,191.7,191.7,Hard Constraint,STNSTCO8,AUG_2025,Off-peak,7.34
1773 PARIS_E_ 1786 RENO_T8 2,Line,To - From,-191.7,191.7,Hard Constraint,DPRSHWK8,AUG_2025,PeakWD,96.4
1773 PARIS_E_ 1786 RENO_T8 2,Line,To - From,-191.7,191.7,Hard Constraint,DPRSHWK8,AUG_2025,PeakWE,67.68
1808 BONHAM_8 11809 COPPERH 1,Line,To - From,-191.7,191.7,Hard Constraint,DVLSPAC5,AUG_2025,PeakWD,35.03
1809 WOLFECTY 1816 COMM_SW_ 1,Line,To - From,-191.7,191.7,Hard Constraint,DVLSPAC5,AUG_2025,PeakWD,385.9
1809 WOLFECTY 1816 COMM_SW_ 1,Line,To - From,-191.7,191.7,Hard Constraint,DVLSPAC5,AUG_2025,PeakWE,32.18
1851 ROANOKE1 15855 EXCHANG 1,Line,To - From,-1458.9,1458.9,Hard Constraint,SRN2EXC5,AUG_2025,Off-peak,156.16
1851 ROANOKE1 15855 EXCHANG 1,Line,To - From,-1458.9,1458.9,Hard Constraint,SRN2EXC5,AUG_2025,PeakWD,2135.83
1906 VENUS_S5 11904 ENDEAVO 1,Line,From - To,1458.5,1458.5,Hard Constraint,DCDHTVW5,AUG_2025,Off-peak,0.45
1906 VENUS_S5 11904 ENDEAVO 1,Line,From - To,1458.5,1458.5,Hard Constraint,DCDHTVW5,AUG_2025,PeakWD,41.51
1906 VENUS_S5 11904 ENDEAVO 1,Line,From - To,1458.5,1458.5,Hard Constraint,DCDHTVW5,AUG_2025,PeakWE,24.59
1906 VENUS_S5 1939 MDLTHELP 1,Line,To - From,-1458.9,1458.9,Hard Constraint,SAEEABE5,AUG_2025,Off-peak,1.37
1907 VENUS_N5 68090 SAMSW 1,Line,To - From,-958.5,958.5,Hard Constraint,DLEGOUT5,AUG_2025,PeakWD,1253.83
1907 VENUS_N5 68090 SAMSW 1,Line,To - From,-958.5,958.5,Hard Constraint,DMDAVEN5,AUG_2025,PeakWD,152.94
1907 VENUS_N5 68090 SAMSW 1,Line,To - From,-958.5,958.5,Hard Constraint,DNAVOUT5,AUG_2025,PeakWD,1359.29
1907 VENUS_N5 68090 SAMSW 1,Line,To - From,-958.5,958.5,Hard Constraint,SSAMAQU5,AUG_2025,PeakWD,23.65
1907 VENUS_N5 68090 SAMSW 1,Line,To - From,-958.5,958.5,Hard Constraint,DNAVOUT5,AUG_2025,PeakWE,169.85
1907 VENUS_N5 68090 SAMSW 1,Line,To - From,-958.5,958.5,Hard Constraint,DNAVVEN5,AUG_2025,PeakWE,558.31
1907 VENUS_N5 68090 SAMSW 1,Line,To - From,-958.5,958.5,Hard Constraint,SLPCPR25,AUG_2025,PeakWE,470.91
1969 MARRS_8 2162 STUART1_ 3,Line,From - To,191.7,191.7,Hard Constraint,DEVRHLS8,AUG_2025,Off-peak,318.08
1974 HIGHL_W_ 1984 ARGYLE1_ 1,Line,To - From,-189.0,189.0,Hard Constraint,DLWSRNK5,AUG_2025,Off-peak,2607.53
1974 HIGHL_W_ 1984 ARGYLE1_ 1,Line,To - From,-189.0,189.0,Hard Constraint,DLWSRNK5,AUG_2025,PeakWE,312.62
1984 ARGYLE1_ 1986 KRUM_T8 1,Line,To - From,-189.0,189.0,Hard Constraint,SABRSPR8,AUG_2025,PeakWE,95.83
2 KEITHSW 4 IOLA 1,Line,To - From,-212.4,212.4,Hard Constraint,SCRTIOL8,AUG_2025,PeakWD,3.95
2 KEITHSW 4 IOLA 1,Line,To - From,-212.4,212.4,Hard Constraint,SKEIGIB8,AUG_2025,PeakWE,0.81
2081 HICKS_SW 15855 EXCHANG 2,Line,From - To,1458.9,1458.9,Hard Constraint,SHC2EXC5,AUG_2025,PeakWE,874.53
2082 HICKS_SW 151362 CHISMG 1,Line,From - To,688.5,688.5,Hard Constraint,DALNANA8,AUG_2025,PeakWD,174.7
2082 HICKS_SW 151362 CHISMG 1,Line,From - To,688.5,688.5,Hard Constraint,DALNANA8,AUG_2025,PeakWE,60.6
214 ROCKETTSW 218 ROCKETT 1,Line,To - From,-31.5,31.5,Hard Constraint,DENWSTE8,AUG_2025,Off-peak,304.13
214 ROCKETTSW 218 ROCKETT 1,Line,To - From,-31.5,31.5,Hard Constraint,DENWSTE8,AUG_2025,PeakWD,20527.47
214 ROCKETTSW 218 ROCKETT 1,Line,To - From,-31.5,31.5,Hard Constraint,DENWSTE8,AUG_2025,PeakWE,4924
217 GLNHEIGHT 2316 MG_IND_T 1,Line,From - To,191.7,191.7,Hard Constraint,XVE2N58,AUG_2025,Off-peak,96.93
217 GLNHEIGHT 2316 MG_IND_T 1,Line,From - To,191.7,191.7,Hard Constraint,XVE2N58,AUG_2025,PeakWD,433.28
217 GLNHEIGHT 2316 MG_IND_T 1,Line,From - To,191.7,191.7,Hard Constraint,XVE2N58,AUG_2025,PeakWE,94.13
230 DWUSSWW 832 MCCREE9 1,Line,To - From,-16.2,16.2,Hard Constraint,,AUG_2025,Off-peak,1050.96
230 DWUSSWW 832 MCCREE9 1,Line,From - To,16.2,16.2,Hard Constraint,,AUG_2025,Off-peak,2614.9
230 DWUSSWW 832 MCCREE9 1,Line,To - From,-16.2,16.2,Hard Constraint,,AUG_2025,PeakWD,16905.55
230 DWUSSWW 832 MCCREE9 1,Line,To - From,-16.2,16.2,Hard Constraint,,AUG_2025,PeakWE,8674.38
2325 ENNS_8 12329 SHANKLS 1,Line,To - From,-151.2,151.2,Hard Constraint,SENWSHK8,AUG_2025,Off-peak,23.63
2335 WAX_9 2343 WAX_OCF_ 1,Line,From - To,37.8,37.8,Hard Constraint,DSTEDES8,AUG_2025,Off-peak,370.5
2335 WAX_9 2343 WAX_OCF_ 1,Line,From - To,37.8,37.8,Hard Constraint,DSTEDES8,AUG_2025,PeakWD,5770.92
2337 ITALY_9 2338 MILFRDEX 1,Line,From - To,28.8,28.8,Hard Constraint,SHLSWH28,AUG_2025,Off-peak,156.91
2337 ITALY_9 2338 MILFRDEX 1,Line,To - From,-28.8,28.8,Hard Constraint,SBLURDH8,AUG_2025,PeakWD,925.52
2337 ITALY_9 2338 MILFRDEX 1,Line,To - From,-28.8,28.8,Hard Constraint,SBLARDH8,AUG_2025,PeakWE,35.31
2337 ITALY_9 2338 MILFRDEX 1,Line,To - From,-28.8,28.8,Hard Constraint,SBLURDH8,AUG_2025,PeakWE,56.11
23908 DEAFSMI 23910 WINDMIL 1,Line,From - To,1611.3,1611.3,Hard Constraint,DAJSALI5,AUG_2025,Off-peak,1.66
23908 DEAFSMI 23910 WINDMIL 1,Line,From - To,1611.3,1611.3,Hard Constraint,DALIMPT5,AUG_2025,PeakWE,0.47
23915 KANGARO 23920 BLKWTRD 1,Line,From - To,1769.4,1769.4,Hard Constraint,SAEEABE5,AUG_2025,Off-peak,5.29
23915 KANGARO 23920 BLKWTRD 1,Line,To - From,-1769.4,1769.4,Hard Constraint,DKROZTU5,AUG_2025,PeakWD,18.28
23915 KANGARO 23920 BLKWTRD 1,Line,To - From,-1769.4,1769.4,Hard Constraint,DOGKRTU5,AUG_2025,PeakWD,4.73
23924 FARMLAN 59900 LONG_DR 1,Line,From - To,958.5,958.5,Hard Constraint,SBWDKRO5,AUG_2025,PeakWE,50.17
2434 SGVLSW1_ 2732 MARSHLL_ 1,Line,From - To,191.7,191.7,Hard Constraint,DTRSEUS8,AUG_2025,Off-peak,31.17
2441 PRCKSW1_ 2762 PRCK2_8 1,Line,From - To,273.6,273.6,Hard Constraint,DPDSCNR8,AUG_2025,Off-peak,11.43
2441 PRCKSW1_ 2762 PRCK2_8 1,Line,From - To,273.6,273.6,Hard Constraint,DPDSCNR8,AUG_2025,PeakWE,49.73
2493 CCRST_W8 3024 SOKCF2_8 1,Line,From - To,154.8,154.8,Hard Constraint,DCDHMCS8,AUG_2025,PeakWD,1978.8
2493 CCRST_W8 3024 SOKCF2_8 1,Line,From - To,154.8,154.8,Hard Constraint,DCDHMCS8,AUG_2025,PeakWE,347.68
2752 MSQTFR1_ 12747 THRNE30 1,Line,From - To,166.5,166.5,Hard Constraint,SMCCCNR5,AUG_2025,Off-peak,15.67
2752 MSQTFR1_ 12747 THRNE30 1,Line,From - To,166.5,166.5,Hard Constraint,SMCCCNR5,AUG_2025,PeakWD,962.82
2752 MSQTFR1_ 12747 THRNE30 1,Line,From - To,166.5,166.5,Hard Constraint,SMCCCNR5,AUG_2025,PeakWE,310.31
3118 LUFKNSS_ 3333 LUFTXFTP 1,Line,From - To,224.1,224.1,Hard Constraint,SENTMLS5,AUG_2025,Off-peak,10.93
3118 LUFKNSS_ 3333 LUFTXFTP 1,Line,From - To,224.1,224.1,Hard Constraint,DREDLFS8,AUG_2025,PeakWD,131.64
3118 LUFKNSS_ 3333 LUFTXFTP 1,Line,From - To,224.1,224.1,Hard Constraint,DREDLFS8,AUG_2025,PeakWE,0.38
3118 LUFKNSS_ 3333 LUFTXFTP 1,Line,From - To,224.1,224.1,Hard Constraint,SENTMLS5,AUG_2025,PeakWE,17.75
3124 TRINDAD2 3134 RICHLND1 1,Line,To - From,-958.5,958.5,Hard Constraint,DNAVBIG5,AUG_2025,Off-peak,0.7
3126 TRINIDAD 3239 ATHENS_9 1,Line,To - From,-28.8,28.8,Hard Constraint,XTRS258,AUG_2025,PeakWE,125.26
3127 TRINIDAD 3276 MALAKOFF 1,Line,From - To,224.1,224.1,Hard Constraint,SEUSFGR8,AUG_2025,Off-peak,6.71
3127 TRINIDAD 3276 MALAKOFF 1,Line,From - To,224.1,224.1,Hard Constraint,SEUSFGR8,AUG_2025,PeakWD,132.18
3127 TRINIDAD 3276 MALAKOFF 1,Line,From - To,224.1,224.1,Hard Constraint,SEUSFGR8,AUG_2025,PeakWE,11.65
3155 DIBOLL_8 3331 DIBOLWTA 1,Line,To - From,-74.7,74.7,Hard Constraint,DALNANA8,AUG_2025,Off-peak,3.51
3155 DIBOLL_8 3331 DIBOLWTA 1,Line,From - To,74.7,74.7,Hard Constraint,,AUG_2025,Off-peak,4.56
3155 DIBOLL_8 3331 DIBOLWTA 1,Line,To - From,-74.7,74.7,Hard Constraint,DALNANA8,AUG_2025,PeakWD,27.12
3155 DIBOLL_8 3331 DIBOLWTA 1,Line,To - From,-74.7,74.7,Hard Constraint,DALNANA8,AUG_2025,PeakWE,5.55
3155 DIBOLL_8 3331 DIBOLWTA 1,Line,From - To,74.7,74.7,Hard Constraint,SSHIMCC8,AUG_2025,PeakWE,2.23
3174 CANTNSW_ 3175 CANTON_8 1,Line,From - To,111.6,111.6,Hard Constraint,SEUSFGR8,AUG_2025,PeakWD,423.74
3174 CANTNSW_ 3175 CANTON_8 1,Line,From - To,111.6,111.6,Hard Constraint,SEUSFGR8,AUG_2025,PeakWE,107.62
32 ROBERTSON 35 HEARNE8 1,Line,From - To,114.3,114.3,Hard Constraint,,AUG_2025,Off-peak,58.27
32 ROBERTSON 35 HEARNE8 1,Line,From - To,153.9,153.9,Hard Constraint,DTOKJK_5,AUG_2025,PeakWD,205.25
32 ROBERTSON 35 HEARNE8 1,Line,From - To,153.9,153.9,Hard Constraint,DTOKJK_5,AUG_2025,PeakWE,86.98
320 JAYBIRD 324 HANNIBAL 1,Line,From - To,245.7,245.7,Hard Constraint,SGRSMNW8,AUG_2025,Off-peak,25.13
3200 CRESLENN 3479 NAVARRO1 1,Line,From - To,44.6,44.6,Hard Constraint,SRIELCS8,AUG_2025,Off-peak,317.42
3269 WILOWSP_ 3270 CAROLSPG 1,Line,From - To,28.8,28.8,Hard Constraint,DELKCRK8,AUG_2025,Off-peak,9931.8
3269 WILOWSP_ 3270 CAROLSPG 1,Line,From - To,28.8,28.8,Hard Constraint,DELKCRK8,AUG_2025,PeakWD,132378.95
3269 WILOWSP_ 3270 CAROLSPG 1,Line,From - To,28.8,28.8,Hard Constraint,DELKCRK8,AUG_2025,PeakWE,35671.73
32849 BRYN_RO 32877 BRYN_BR 1,Line,From - To,98.1,98.1,Hard Constraint,XATK89,AUG_2025,PeakWD,23.02
32849 BRYN_RO 32877 BRYN_BR 1,Line,From - To,98.1,98.1,Hard Constraint,XATK89,AUG_2025,PeakWE,2.42
32870 BRYN_TA 32875 BRYN_DS 1,Line,From - To,98.1,98.1,Hard Constraint,XDAN89,AUG_2025,Off-peak,1.27
32871 BRYN_BU 32875 BRYN_DS 1,Line,To - From,-100.8,100.8,Hard Constraint,XDAN89,AUG_2025,PeakWD,47.46
3301 GRESHRD_ 120162 NACPW_ 1,Line,To - From,-430.2,430.2,Hard Constraint,DMDAVEN5,AUG_2025,PeakWE,1.02
3306 REDLAND_ 3318 HERTYTAP 1,Line,From - To,191.7,191.7,Hard Constraint,SLFKLFC8,AUG_2025,PeakWD,1.12
3306 REDLAND_ 3318 HERTYTAP 1,Line,From - To,191.7,191.7,Hard Constraint,SLFKLFC8,AUG_2025,PeakWE,3.35
3331 DIBOLWTA 3332 HUDSON_8 1,Line,From - To,224.1,224.1,Hard Constraint,SDIBHTY8,AUG_2025,Off-peak,1.52
3374 FILESVAL 3389 FORTSMIT 2,Line,From - To,958.4,958.4,Hard Constraint,SCARFRI8,AUG_2025,Off-peak,9.92
3374 FILESVAL 3389 FORTSMIT 2,Line,To - From,-958.4,958.4,Hard Constraint,,AUG_2025,Off-peak,4.96
3374 FILESVAL 3389 FORTSMIT 2,Line,To - From,-958.4,958.4,Hard Constraint,,AUG_2025,PeakWD,57.12
3374 FILESVAL 3389 FORTSMIT 2,Line,To - From,-958.4,958.4,Hard Constraint,,AUG_2025,PeakWE,24
3374 FILESVAL 68090 SAMSW 1,Line,To - From,-958.4,958.4,Hard Constraint,,AUG_2025,Off-peak,9.92
3374 FILESVAL 68090 SAMSW 1,Line,From - To,958.4,958.4,Hard Constraint,,AUG_2025,Off-peak,9.33
3374 FILESVAL 68090 SAMSW 1,Line,From - To,958.4,958.4,Hard Constraint,,AUG_2025,PeakWD,312.48
3374 FILESVAL 68090 SAMSW 1,Line,From - To,958.4,958.4,Hard Constraint,,AUG_2025,PeakWE,137.6
3379 TIGERCRE 20107 TEMPFBR 1,Line,To - From,-958.4,958.4,Hard Constraint,SFBRTHS5,AUG_2025,PeakWD,95.8
3379 TIGERCRE 20107 TEMPFBR 1,Line,To - From,-958.4,958.4,Hard Constraint,SFBRTHS5,AUG_2025,PeakWE,120.48
3388 FOURBTHR 20108 TEMPTHS 1,Line,From - To,958.5,958.5,Hard Constraint,DFVLFTS5,AUG_2025,PeakWD,113.63
3388 FOURBTHR 20108 TEMPTHS 1,Line,From - To,958.5,958.5,Hard Constraint,DSAMFVL5,AUG_2025,PeakWD,106.05
3388 FOURBTHR 20108 TEMPTHS 1,Line,From - To,958.5,958.5,Hard Constraint,SLCSTH25,AUG_2025,PeakWD,321.61
3388 FOURBTHR 20108 TEMPTHS 1,Line,From - To,958.5,958.5,Hard Constraint,DFVLFTS5,AUG_2025,PeakWE,46.89
3388 FOURBTHR 20108 TEMPTHS 1,Line,From - To,958.5,958.5,Hard Constraint,DSAMFVL5,AUG_2025,PeakWE,36.07
3388 FOURBTHR 20108 TEMPTHS 1,Line,From - To,958.5,958.5,Hard Constraint,SLCSTH25,AUG_2025,PeakWE,30.01
3390 JEWETT_S 3721 STRNGRSW 1,Line,To - From,-958.4,958.4,Hard Constraint,SRRDLCS5,AUG_2025,PeakWD,99.61
3390 JEWETT_S 3721 STRNGRSW 1,Line,To - From,-958.4,958.4,Hard Constraint,SRRDLCS5,AUG_2025,PeakWE,81.81
3412 TEMP_PEC 3414 TEMP_SS_ 2,Line,To - From,-958.4,958.4,Hard Constraint,STMPTMP5,AUG_2025,PeakWE,19.8
3443 MCLANE_8 3708 FROW_8 2,Line,To - From,-111.2,111.2,Hard Constraint,SWLALCS8,AUG_2025,PeakWD,23832.98
3443 MCLANE_8 3708 FROW_8 2,Line,To - From,-111.2,111.2,Hard Constraint,SWLALCS8,AUG_2025,PeakWE,7848.32
3546 WHITNEY_ 37410 TNLKWHI 1,Line,To - From,-157.5,157.5,Hard Constraint,SBOSWHT8,AUG_2025,PeakWE,15.33
363 HOOD8 2277 DCRDVA_D 1,Line,To - From,-318.6,318.6,Hard Constraint,SCRDJON5,AUG_2025,PeakWD,1359.37
363 HOOD8 2277 DCRDVA_D 1,Line,To - From,-318.6,318.6,Hard Constraint,SCRDJON5,AUG_2025,PeakWE,295.75
3664 RNDRCKWH 3669 RNDRCKWH 1,Line,From - To,191.7,191.7,Hard Constraint,DROUCHI8,AUG_2025,Off-peak,672.8
3664 RNDRCKWH 3669 RNDRCKWH 1,Line,From - To,191.7,191.7,Hard Constraint,DROUCHI8,AUG_2025,PeakWD,8563.19
3664 RNDRCKWH 3669 RNDRCKWH 1,Line,From - To,191.7,191.7,Hard Constraint,DROUCHI8,AUG_2025,PeakWE,1891.93
3689 MARAK1_9 3726 MCFALL_9 4,Line,To - From,-37.4,37.4,Hard Constraint,,AUG_2025,PeakWD,341.38
3689 MARAK1_9 3726 MCFALL_9 4,Line,To - From,-37.4,37.4,Hard Constraint,XBLE58,AUG_2025,PeakWE,9.08
38021 TNWORSH 38023 TNHARPO 1,Line,From - To,368.1,368.1,Hard Constraint,DQRYWLF5,AUG_2025,PeakWD,7.44
38069 TNFLATT 38294 TNFOXTA 1,Line,To - From,-368.1,368.1,Hard Constraint,DSLKSOL5,AUG_2025,Off-peak,53.09
38069 TNFLATT 38294 TNFOXTA 1,Line,To - From,-368.1,368.1,Hard Constraint,DSLKSOL5,AUG_2025,PeakWD,143.3
38069 TNFLATT 38294 TNFOXTA 1,Line,To - From,-368.1,368.1,Hard Constraint,DSLKSOL5,AUG_2025,PeakWE,71.21
38710 TNCADDO 110605 TXCTY_ 1,Line,To - From,-430.2,430.2,Hard Constraint,STXCCA28,AUG_2025,Off-peak,0.25
38710 TNCADDO 110605 TXCTY_ 1,Line,To - From,-430.2,430.2,Hard Constraint,STXCCA28,AUG_2025,PeakWD,3.5
38710 TNCADDO 38720 TNAPACH 1,Line,From - To,341.1,341.1,Hard Constraint,SGRNCAD8,AUG_2025,Off-peak,0.52
38710 TNCADDO 38720 TNAPACH 1,Line,From - To,341.1,341.1,Hard Constraint,SGRNCAD8,AUG_2025,PeakWD,0.62
38820 TNFRWYP 38830 TNMAINL 1,Line,To - From,-344.7,344.7,Hard Constraint,SMDOPHR5,AUG_2025,Off-peak,0.82
38820 TNFRWYP 38830 TNMAINL 1,Line,To - From,-344.7,344.7,Hard Constraint,SMDOPHR5,AUG_2025,PeakWD,145.66
38820 TNFRWYP 38830 TNMAINL 1,Line,To - From,-344.7,344.7,Hard Constraint,SMDOPHR5,AUG_2025,PeakWE,53.6
38900 TNHDNLA 114262 EVLN_E 1,Line,To - From,-257.4,257.4,Hard Constraint,DFPPHOL5,AUG_2025,Off-peak,0.36
38900 TNHDNLA 42015 P_H_R__ 1,Line,To - From,-388.8,388.8,Hard Constraint,SHASTNN8,AUG_2025,Off-peak,1.18
38900 TNHDNLA 42015 P_H_R__ 1,Line,From - To,388.8,388.8,Hard Constraint,SMDOPHR5,AUG_2025,Off-peak,0.14
39010 TNHASTI 39015 TNNALVI 1,Line,To - From,-344.7,344.7,Hard Constraint,SMDOPHR5,AUG_2025,PeakWD,282.19
39010 TNHASTI 39015 TNNALVI 1,Line,To - From,-344.7,344.7,Hard Constraint,SMDOPHR5,AUG_2025,PeakWE,50.83
39015 TNNALVI 39030 TNALVIN 1,Line,From - To,344.7,344.7,Hard Constraint,SMDOPHR5,AUG_2025,Off-peak,17.58
39015 TNNALVI 39030 TNALVIN 1,Line,From - To,344.7,344.7,Hard Constraint,SMDOPHR5,AUG_2025,PeakWD,527.13
39015 TNNALVI 39030 TNALVIN 1,Line,From - To,344.7,344.7,Hard Constraint,SMDOPHR5,AUG_2025,PeakWE,211.3
39500 TNWCOLM 39530 TNWCOLL 1,Line,To - From,-344.7,344.7,Hard Constraint,SRTANG8,AUG_2025,PeakWE,0.88
39500 TNWCOLM 43380 W_COL__ 1,Line,To - From,-472.5,472.5,Hard Constraint,SWCOW2C8,AUG_2025,Off-peak,0.23
39530 TNWCOLL 39560 TNANGLE 1,Line,To - From,-190.8,190.8,Hard Constraint,SRTANG8,AUG_2025,Off-peak,3.85
39530 TNWCOLL 39560 TNANGLE 1,Line,From - To,190.8,190.8,Hard Constraint,SRTANG8,AUG_2025,Off-peak,5.76
39530 TNWCOLL 39560 TNANGLE 1,Line,To - From,-190.8,190.8,Hard Constraint,SRTANG8,AUG_2025,PeakWD,24.43
39530 TNWCOLL 39560 TNANGLE 1,Line,From - To,190.8,190.8,Hard Constraint,SRTANG8,AUG_2025,PeakWD,66.09
39530 TNWCOLL 39560 TNANGLE 1,Line,To - From,-190.8,190.8,Hard Constraint,SRTANG8,AUG_2025,PeakWE,14.97
39530 TNWCOLL 39560 TNANGLE 1,Line,From - To,190.8,190.8,Hard Constraint,SRTANG8,AUG_2025,PeakWE,21.34
39960 TNWILLO 121035 TDWLPR 1,Line,To - From,-1075.5,1075.5,Hard Constraint,,AUG_2025,PeakWD,10.08
39960 TNWILLO 121035 TDWLPR 1,Line,From - To,1075.5,1075.5,Hard Constraint,,AUG_2025,PeakWD,4.64
39960 TNWILLO 121035 TDWLPR 1,Line,To - From,-1075.5,1075.5,Hard Constraint,,AUG_2025,PeakWE,3.2
39960 TNWILLO 121035 TDWLPR 1,Line,From - To,1075.5,1075.5,Hard Constraint,,AUG_2025,PeakWE,3.2
40000 CEDARP_ 40240 CENTER_ 97,Line,To - From,-1332.0,1332.0,Hard Constraint,SPHRCTR5,AUG_2025,PeakWD,159.14
40000 CEDARP_ 40240 CENTER_ 97,Line,To - From,-1332.0,1332.0,Hard Constraint,SPHRCTR5,AUG_2025,PeakWE,72.15
40000 CEDARP_ 40255 CHAMBR_ 97,Line,From - To,1182.6,1182.6,Hard Constraint,SJORCBY5,AUG_2025,Off-peak,1.54
40000 CEDARP_ 40255 CHAMBR_ 97,Line,From - To,1182.6,1182.6,Hard Constraint,SJORCBY5,AUG_2025,PeakWD,8.65
40170 BAYTWN_ 41420 MILLER_ 88,Line,From - To,339.3,339.3,Hard Constraint,DCBYRN28,AUG_2025,Off-peak,5.22
40190 BIGVUE_ 909603 PSARCO 03,Line,To - From,-397.8,397.8,Hard Constraint,DDNKPSA8,AUG_2025,Off-peak,0.29
40190 BIGVUE_ 909603 PSARCO 03,Line,To - From,-319.5,319.5,Hard Constraint,,AUG_2025,Off-peak,2.52
40190 BIGVUE_ 909603 PSARCO 03,Line,To - From,-397.8,397.8,Hard Constraint,DDNKPSA8,AUG_2025,PeakWD,66.69
40190 BIGVUE_ 909603 PSARCO 03,Line,To - From,-319.5,319.5,Hard Constraint,,AUG_2025,PeakWD,42.39
40190 BIGVUE_ 909603 PSARCO 03,Line,To - From,-319.5,319.5,Hard Constraint,,AUG_2025,PeakWE,80.62
40240 CENTER_ 42000 P_H_R__ 97,Line,From - To,1332.0,1332.0,Hard Constraint,SCBYCTR5,AUG_2025,Off-peak,3.67
40370 CONIAL_ 41670 WABURN_ 84,Line,From - To,249.3,249.3,Hard Constraint,SPLBER8,AUG_2025,Off-peak,10.93
40370 CONIAL_ 41670 WABURN_ 84,Line,From - To,249.3,249.3,Hard Constraint,SPLBER8,AUG_2025,PeakWD,99.79
40370 CONIAL_ 41670 WABURN_ 84,Line,From - To,249.3,249.3,Hard Constraint,SPLBER8,AUG_2025,PeakWE,18.19
40611 GALENA2 40630 TANKER_ 94,Line,From - To,249.3,249.3,Hard Constraint,SBCVPSA8,AUG_2025,Off-peak,11.99
40611 GALENA2 40630 TANKER_ 94,Line,To - From,-249.3,249.3,Hard Constraint,SSCJFS8,AUG_2025,Off-peak,17.88
40611 GALENA2 40630 TANKER_ 94,Line,From - To,249.3,249.3,Hard Constraint,DBCVPSA8,AUG_2025,PeakWD,181.76
40611 GALENA2 40630 TANKER_ 94,Line,From - To,249.3,249.3,Hard Constraint,SBCVPSA8,AUG_2025,PeakWD,8.11
40611 GALENA2 40630 TANKER_ 94,Line,From - To,249.3,249.3,Hard Constraint,DBCVPSA8,AUG_2025,PeakWE,21.29
40611 GALENA2 40630 TANKER_ 94,Line,To - From,-249.3,249.3,Hard Constraint,SSCJFS8,AUG_2025,PeakWE,117.52
40720 GRNBYU_ 41681 WALSVL_ 10,Line,From - To,97.2,97.2,Hard Constraint,DDWCHG98,AUG_2025,PeakWD,167.65
41240 JEFFER_ 41371 S_CHAN_ 06,Line,From - To,645.3,645.3,Hard Constraint,SSPJFS8,AUG_2025,PeakWD,435.39
41530 TAYLOR_ 41670 WABURN_ 84,Line,From - To,249.3,249.3,Hard Constraint,SBERSC8,AUG_2025,Off-peak,0.42
41530 TAYLOR_ 41670 WABURN_ 84,Line,From - To,249.3,249.3,Hard Constraint,SBERSC8,AUG_2025,PeakWE,14.41
42000 P_H_R__ 43030 MEADOW_ 99,Line,To - From,-1182.6,1182.6,Hard Constraint,DWAP_OB5,AUG_2025,Off-peak,50.35
42000 P_H_R__ 43030 MEADOW_ 99,Line,To - From,-1182.6,1182.6,Hard Constraint,DWAP_OB5,AUG_2025,PeakWD,4539.75
42000 P_H_R__ 43030 MEADOW_ 99,Line,To - From,-1182.6,1182.6,Hard Constraint,DWAP_OB5,AUG_2025,PeakWE,1628.44
42215 COPPER_ 48039 BOOSTR3 36,Line,To - From,-443.7,443.7,Hard Constraint,DSN_STR8,AUG_2025,Off-peak,0.92
42215 COPPER_ 48039 BOOSTR3 36,Line,To - From,-339.3,339.3,Hard Constraint,,AUG_2025,Off-peak,3.98
42370 DAMON__ 43384 W_COL__ 89,Line,From - To,249.3,249.3,Hard Constraint,SNEWGLF8,AUG_2025,Off-peak,0.08
42370 DAMON__ 43384 W_COL__ 89,Line,From - To,194.4,194.4,Hard Constraint,,AUG_2025,Off-peak,4.34
42370 DAMON__ 43384 W_COL__ 89,Line,To - From,-249.3,249.3,Hard Constraint,SBEAOR8,AUG_2025,PeakWD,166.7
42370 DAMON__ 43384 W_COL__ 89,Line,To - From,-249.3,249.3,Hard Constraint,SBEAOR8,AUG_2025,PeakWE,47.89
42420 BEASLY_ 112433 TAV_8 1,Line,To - From,-430.2,430.2,Hard Constraint,,AUG_2025,PeakWD,56.02
42420 BEASLY_ 112433 TAV_8 1,Line,To - From,-430.2,430.2,Hard Constraint,,AUG_2025,PeakWE,11.68
43240 SINTEK_ 43300 STRATT_ 26,Line,From - To,255.6,255.6,Hard Constraint,SVLGLO8,AUG_2025,Off-peak,3.65
44000 W_A_P__ 44500 OBRIEN_ 98,Line,From - To,1332.0,1332.0,Hard Constraint,SOBWAP5,AUG_2025,Off-peak,71.85
44000 W_A_P__ 44500 OBRIEN_ 98,Line,From - To,1332.0,1332.0,Hard Constraint,SOBWAP5,AUG_2025,PeakWD,656.66
44000 W_A_P__ 44500 OBRIEN_ 98,Line,From - To,1332.0,1332.0,Hard Constraint,SOBWAP5,AUG_2025,PeakWE,10.4
44005 W_A_P__ 47300 JENETA_ 64,Line,From - To,1612.8,1612.8,Hard Constraint,DWAP_BI5,AUG_2025,Off-peak,56.96
44005 W_A_P__ 47300 JENETA_ 64,Line,From - To,1612.8,1612.8,Hard Constraint,DWAP_BI5,AUG_2025,PeakWD,1627.61
44005 W_A_P__ 47300 JENETA_ 64,Line,From - To,1612.8,1612.8,Hard Constraint,DWAP_BI5,AUG_2025,PeakWE,595.88
44230 FLEWLN_ 44300 FTBEND_ 60,Line,To - From,-266.4,266.4,Hard Constraint,SBVFB8,AUG_2025,PeakWD,30.42
44230 FLEWLN_ 44300 FTBEND_ 60,Line,To - From,-266.4,266.4,Hard Constraint,SBVFB8,AUG_2025,PeakWE,27.32
44531 WINMIL_ 44600 ROSHRN_ 26,Line,To - From,-339.3,339.3,Hard Constraint,SACHMV8,AUG_2025,PeakWD,125.23
44531 WINMIL_ 44600 ROSHRN_ 26,Line,To - From,-339.3,339.3,Hard Constraint,SACHMV8,AUG_2025,PeakWE,3.32
44541 ORCHRD_ 48441 ORCHRD6 60,Line,To - From,-198.0,198.0,Hard Constraint,,AUG_2025,Off-peak,1.59
45862 HIDDEN_ 48152 HIDDEN6 67,Line,To - From,-177.3,177.3,Hard Constraint,,AUG_2025,PeakWE,4.92
47015 BELAIR_ 47320 KIRBY__ 37,Line,From - To,750.6,750.6,Hard Constraint,SMDOOAS5,AUG_2025,PeakWD,357.22
47050 BRAYS__ 47150 H_O_C__ 09,Line,From - To,499.5,499.5,Hard Constraint,DJN_RO28,AUG_2025,PeakWD,940.29
47050 BRAYS__ 47150 H_O_C__ 09,Line,From - To,499.5,499.5,Hard Constraint,DJN_RO28,AUG_2025,PeakWE,478.55
47110 GRANT__ 47350 PLAZA__ 08,Line,From - To,348.3,348.3,Hard Constraint,SMDOOAS5,AUG_2025,Off-peak,10.69
47110 GRANT__ 47350 PLAZA__ 08,Line,From - To,348.3,348.3,Hard Constraint,SMDOOAS5,AUG_2025,PeakWD,1599.25
47110 GRANT__ 47350 PLAZA__ 08,Line,From - To,348.3,348.3,Hard Constraint,SMDOOAS5,AUG_2025,PeakWE,633.83
47500 DWNTWN_ 47730 POLK___ 91,Line,To - From,-264.6,264.6,Hard Constraint,SESPK8,AUG_2025,PeakWE,9.35
47520 BLOGET_ 47660 GARROT_ 37,Line,To - From,-472.5,472.5,Hard Constraint,DBUNMYK8,AUG_2025,Off-peak,3.46
47520 BLOGET_ 47660 GARROT_ 37,Line,To - From,-472.5,472.5,Hard Constraint,DHOCGV89,AUG_2025,PeakWD,156.02
47520 BLOGET_ 47660 GARROT_ 37,Line,To - From,-472.5,472.5,Hard Constraint,DHOCGV89,AUG_2025,PeakWE,98.51
5007 ALAMO1_8 5025 BRAUNIG_ 1,Line,To - From,-430.2,430.2,Hard Constraint,SS1T38,AUG_2025,PeakWD,56.24
5007 ALAMO1_8 5025 BRAUNIG_ 1,Line,To - From,-430.2,430.2,Hard Constraint,SS1T38,AUG_2025,PeakWE,5.83
5025 BRAUNIG_ 5417 STREICH 1,Line,From - To,430.2,430.2,Hard Constraint,DBRAALA8,AUG_2025,Off-peak,4.01
5030 BRAUNIG_ 5395 SOMMERS 1,Line,To - From,-509.4,509.4,Hard Constraint,DCALBEC8,AUG_2025,PeakWD,95.57
5133 ELMCREEK 5915 SO_TEX__ 2,Line,To - From,-564.3,564.3,Hard Constraint,DELMSTP5,AUG_2025,Off-peak,106.97
5165 FRATT 7611 L_PARKWA 1,Line,To - From,-259.2,259.2,Hard Constraint,DTRIWEI8,AUG_2025,PeakWD,903.4
5200 HELOTES 5358 RANCHTWN 1,Line,From - To,343.8,343.8,Hard Constraint,DCAGTA58,AUG_2025,PeakWD,72.1
5200 HELOTES 5358 RANCHTWN 1,Line,From - To,343.8,343.8,Hard Constraint,DCAGTA58,AUG_2025,PeakWE,58.71
5230 HOWARD 5260 LEON_CRK 2,Line,From - To,319.3,319.3,Hard Constraint,SP5CAG8,AUG_2025,Off-peak,35.33
5230 HOWARD 5260 LEON_CRK 2,Line,From - To,346.6,346.6,Hard Constraint,SP5CAG8,AUG_2025,PeakWD,662.55
5230 HOWARD 5260 LEON_CRK 2,Line,From - To,355.9,355.9,Hard Constraint,SP5CAG8,AUG_2025,PeakWE,192.36
5231 HOWARD_5 5475 VON_ROSE 1,Line,To - From,-1089.0,1089.0,Hard Constraint,DSKYCAL5,AUG_2025,Off-peak,11.06
5231 HOWARD_5 5475 VON_ROSE 1,Line,To - From,-1114.5,1114.5,Hard Constraint,DSKYCAL5,AUG_2025,PeakWD,1196.43
5231 HOWARD_5 5475 VON_ROSE 1,Line,To - From,-1169.6,1169.6,Hard Constraint,DSKYCAL5,AUG_2025,PeakWE,502.59
5305 MEDINABS 5427 36TH_ST 1,Line,From - To,134.1,134.1,Hard Constraint,DCAGPIN8,AUG_2025,Off-peak,65.63
5305 MEDINABS 5427 36TH_ST 1,Line,From - To,134.1,134.1,Hard Constraint,DCAGPIN8,AUG_2025,PeakWD,854.48
5305 MEDINABS 5427 36TH_ST 1,Line,From - To,134.1,134.1,Hard Constraint,DCAGPIN8,AUG_2025,PeakWE,257.94
5362 RIONOG_1 7050 L_CLEASP 1,Line,From - To,1039.5,1039.5,Hard Constraint,SRIOCLE5,AUG_2025,PeakWD,5.45
5362 RIONOG_1 7050 L_CLEASP 2,Line,From - To,1039.5,1039.5,Hard Constraint,SRIOCL25,AUG_2025,Off-peak,21.42
5362 RIONOG_1 7050 L_CLEASP 2,Line,From - To,1039.5,1039.5,Hard Constraint,SRIOCL25,AUG_2025,PeakWE,27.59
5502 RAYBURN8 5680 LOOP463S 1,Line,To - From,-154.8,154.8,Hard Constraint,DRICLOU8,AUG_2025,Off-peak,52.17
5546 DANEVANG 5549 DANSKSUB 1,Line,From - To,154.8,154.8,Hard Constraint,DRICLOU8,AUG_2025,Off-peak,104.38
5564 SARGENTS 5566 FRNKLNCM 1,Line,To - From,-40.5,40.5,Hard Constraint,XBLE58,AUG_2025,Off-peak,1219.57
5564 SARGENTS 5566 FRNKLNCM 1,Line,To - From,-40.5,40.5,Hard Constraint,XBLE58,AUG_2025,PeakWD,4625.65
5564 SARGENTS 5566 FRNKLNCM 1,Line,To - From,-40.5,40.5,Hard Constraint,XBLE58,AUG_2025,PeakWE,5122.79
5586 VANDERBL 5590 PLACEDOS 1,Line,To - From,-40.5,40.5,Hard Constraint,SVANRAY8,AUG_2025,Off-peak,2910.76
5586 VANDERBL 5590 PLACEDOS 1,Line,To - From,-40.5,40.5,Hard Constraint,SVANRAY8,AUG_2025,PeakWD,1028.91
5586 VANDERBL 5590 PLACEDOS 1,Line,To - From,-40.5,40.5,Hard Constraint,SVANRAY8,AUG_2025,PeakWE,382.51
5591 KAMEYSUB 5592 PRTLAVAC 1,Line,To - From,-40.5,40.5,Hard Constraint,SL_4VIC8,AUG_2025,PeakWD,175.71
5591 KAMEYSUB 5592 PRTLAVAC 1,Line,To - From,-40.5,40.5,Hard Constraint,SP_LNCA9,AUG_2025,PeakWD,198.57
5654 SANDIEGO 5658 ORANGEGR 1,Line,From - To,40.5,40.5,Hard Constraint,SORNLON8,AUG_2025,Off-peak,1220.78
5654 SANDIEGO 5658 ORANGEGR 1,Line,From - To,40.5,40.5,Hard Constraint,SORNLON8,AUG_2025,PeakWD,674.8
5680 LOOP463S 8172 VICTORIA 1,Line,To - From,-143.1,143.1,Hard Constraint,,AUG_2025,Off-peak,36.64
5688 GEORGEWS 8404 SIGMOR4A 1,Line,From - To,217.8,217.8,Hard Constraint,DFOWSMG5,AUG_2025,Off-peak,523.45
5688 GEORGEWS 8404 SIGMOR4A 1,Line,From - To,217.8,217.8,Hard Constraint,DFOWSMG5,AUG_2025,PeakWE,127.89
5701 TILDENSU 5705 FOWLERTO 1,Line,To - From,-217.8,217.8,Hard Constraint,DFOWSMG5,AUG_2025,PeakWD,5841.41
5701 TILDENSU 5705 FOWLERTO 1,Line,To - From,-217.8,217.8,Hard Constraint,DFOWSMG5,AUG_2025,PeakWE,3146.78
5710 POTEETSU 5712 OAKSSUB9 1,Line,To - From,-41.4,41.4,Hard Constraint,DPEAMOR8,AUG_2025,PeakWD,550.88
5710 POTEETSU 5893 PEARSALL 1,Line,To - From,-40.5,40.5,Hard Constraint,DPEAMOR8,AUG_2025,PeakWD,209.9
5710 POTEETSU 5893 PEARSALL 1,Line,To - From,-40.5,40.5,Hard Constraint,SPLSFAS9,AUG_2025,PeakWD,16648.79
5710 POTEETSU 5893 PEARSALL 1,Line,To - From,-40.5,40.5,Hard Constraint,SPLSFAS9,AUG_2025,PeakWE,8124.59
575 JCKCNTY5 1443 HENDRCH_ 1,Line,To - From,-884.7,884.7,Hard Constraint,SJCKHN15,AUG_2025,Off-peak,36.4
575 JCKCNTY5 1443 HENDRCH_ 1,Line,To - From,-884.7,884.7,Hard Constraint,SJCKHN15,AUG_2025,PeakWE,28.08
5763 BURNSSUB 8319 RIOHONDO 1,Line,To - From,-159.3,159.3,Hard Constraint,DREDNED8,AUG_2025,Off-peak,96.51
5763 BURNSSUB 8319 RIOHONDO 1,Line,To - From,-159.3,159.3,Hard Constraint,SNWEWES8,AUG_2025,Off-peak,12.94
5763 BURNSSUB 8319 RIOHONDO 1,Line,To - From,-159.3,159.3,Hard Constraint,DREDNED8,AUG_2025,PeakWD,980.64
5763 BURNSSUB 8319 RIOHONDO 1,Line,To - From,-159.3,159.3,Hard Constraint,SNEDSTE5,AUG_2025,PeakWD,3583.57
5763 BURNSSUB 8319 RIOHONDO 1,Line,To - From,-159.3,159.3,Hard Constraint,SNWEWES8,AUG_2025,PeakWD,3962.67
5763 BURNSSUB 8319 RIOHONDO 1,Line,To - From,-143.1,143.1,Hard Constraint,,AUG_2025,PeakWD,2266.59
5763 BURNSSUB 8319 RIOHONDO 1,Line,To - From,-159.3,159.3,Hard Constraint,DREDNED8,AUG_2025,PeakWE,132.03
5763 BURNSSUB 8319 RIOHONDO 1,Line,To - From,-159.3,159.3,Hard Constraint,SDC_RAI8,AUG_2025,PeakWE,0
5763 BURNSSUB 8319 RIOHONDO 1,Line,To - From,-159.3,159.3,Hard Constraint,SNEDSTE5,AUG_2025,PeakWE,1836.9
5763 BURNSSUB 8319 RIOHONDO 1,Line,To - From,-159.3,159.3,Hard Constraint,SNWEWES8,AUG_2025,PeakWE,2901.58
5763 BURNSSUB 8319 RIOHONDO 1,Line,To - From,-159.3,159.3,Hard Constraint,SRIOLMA5,AUG_2025,PeakWE,949.6
5763 BURNSSUB 8319 RIOHONDO 1,Line,To - From,-143.1,143.1,Hard Constraint,,AUG_2025,PeakWE,46.74
5764 ERIOHOND 8319 RIOHONDO 1,Line,From - To,159.3,159.3,Hard Constraint,SMV_PAR8,AUG_2025,Off-peak,27.33
5764 ERIOHOND 8319 RIOHONDO 1,Line,From - To,159.3,159.3,Hard Constraint,SMV_PAR8,AUG_2025,PeakWD,14.53
5769 VALVERDE 8354 WESLACO4 1,Line,From - To,128.7,128.7,Hard Constraint,SADEDU38,AUG_2025,Off-peak,8.28
5769 VALVERDE 8354 WESLACO4 1,Line,To - From,-128.7,128.7,Hard Constraint,SGANWES8,AUG_2025,Off-peak,4.02
5769 VALVERDE 8354 WESLACO4 1,Line,From - To,128.7,128.7,Hard Constraint,SMV_ALB8,AUG_2025,Off-peak,15.2
5769 VALVERDE 8354 WESLACO4 1,Line,To - From,-128.7,128.7,Hard Constraint,SGANWES8,AUG_2025,PeakWD,841.4
5769 VALVERDE 8354 WESLACO4 1,Line,To - From,-128.7,128.7,Hard Constraint,SGANWES8,AUG_2025,PeakWE,220.49
5769 VALVERDE 8354 WESLACO4 1,Line,From - To,128.7,128.7,Hard Constraint,SMV_ALB8,AUG_2025,PeakWE,38.97
5799 FALCON8 80106 FALCONS 1,Line,From - To,141.3,141.3,Hard Constraint,SFALFA28,AUG_2025,Off-peak,89.95
5799 FALCON8 80106 FALCONS 1,Line,From - To,141.3,141.3,Hard Constraint,SFALFA28,AUG_2025,PeakWD,22.32
5832 FRIOTOWN 5893 PEARSALL 1,Line,To - From,-36.0,36.0,Hard Constraint,SBATPAL8,AUG_2025,Off-peak,6584.22
5832 FRIOTOWN 5893 PEARSALL 1,Line,To - From,-36.0,36.0,Hard Constraint,SBATPAL8,AUG_2025,PeakWD,26535.83
5832 FRIOTOWN 5893 PEARSALL 1,Line,To - From,-36.0,36.0,Hard Constraint,SBATPAL8,AUG_2025,PeakWE,11255.39
5866 PALODURO 8212 DILLEYSW 1,Line,From - To,213.3,213.3,Hard Constraint,DPEAMOR8,AUG_2025,PeakWD,6.96
5885 DOWNIESW 8024 READING4 1,Line,From - To,109.8,109.8,Hard Constraint,DRAZHON8,AUG_2025,PeakWD,37.04
5885 DOWNIESW 8024 READING4 1,Line,From - To,109.8,109.8,Hard Constraint,SDRYUVA8,AUG_2025,PeakWE,208.81
5895 PEARSALL 58959 PEARSAL 1,Line,To - From,-224.1,224.1,Hard Constraint,,AUG_2025,Off-peak,2.48
5895 PEARSALL 58959 PEARSAL 1,Line,To - From,-224.1,224.1,Hard Constraint,,AUG_2025,PeakWD,3.36
5895 PEARSALL 58959 PEARSAL 1,Line,From - To,224.1,224.1,Hard Constraint,,AUG_2025,PeakWE,3.2
5897 HORIZONS 162793 HRZN_S 1,Line,To - From,-326.7,326.7,Hard Constraint,,AUG_2025,Off-peak,9.92
5897 HORIZONS 162793 HRZN_S 1,Line,To - From,-326.7,326.7,Hard Constraint,,AUG_2025,PeakWD,3.36
5897 HORIZONS 162793 HRZN_S 1,Line,To - From,-326.7,326.7,Hard Constraint,,AUG_2025,PeakWE,1.6
59116 LP_MACK 59120 LP_NORT 1,Line,From - To,195.9,195.9,Hard Constraint,SBWDDBM5,AUG_2025,Off-peak,6564.37
59116 LP_MACK 59120 LP_NORT 1,Line,From - To,195.9,195.9,Hard Constraint,SBWDDBM5,AUG_2025,PeakWD,10728.38
59116 LP_MACK 59120 LP_NORT 1,Line,From - To,195.9,195.9,Hard Constraint,SBWDDBM5,AUG_2025,PeakWE,2345.05
59120 LP_NORT 59181 LP_DUNB 1,Line,To - From,-196.0,196.0,Hard Constraint,SBWDFPT5,AUG_2025,Off-peak,238.18
59120 LP_NORT 59181 LP_DUNB 1,Line,To - From,-196.0,196.0,Hard Constraint,SBWDFPT5,AUG_2025,PeakWD,950.3
59120 LP_NORT 59181 LP_DUNB 1,Line,To - From,-196.0,196.0,Hard Constraint,SBWDFPT5,AUG_2025,PeakWE,247.87
5915 SO_TEX__ 44000 W_A_P__ 39,Line,From - To,1192.5,1192.5,Hard Constraint,DWPWFWP5,AUG_2025,PeakWD,6136.83
5915 SO_TEX__ 44000 W_A_P__ 39,Line,From - To,1192.5,1192.5,Hard Constraint,DWPWFWP5,AUG_2025,PeakWE,2721.36
5963 TITAN 8337 SCARBIDE 1,Line,To - From,-189.9,189.9,Hard Constraint,SSTILOM8,AUG_2025,PeakWD,2308.02
5963 TITAN 8337 SCARBIDE 1,Line,To - From,-189.9,189.9,Hard Constraint,SSTILOM8,AUG_2025,PeakWE,283.26
59906 LONGDRA 134145 JUNO_8 1,Line,To - From,-347.4,347.4,Hard Constraint,,AUG_2025,Off-peak,2.48
59906 LONGDRA 134145 JUNO_8 1,Line,To - From,-347.4,347.4,Hard Constraint,,AUG_2025,PeakWD,10.08
59906 LONGDRA 134145 JUNO_8 1,Line,From - To,347.4,347.4,Hard Constraint,DMTSCOS5,AUG_2025,PeakWE,1.6
59906 LONGDRA 134145 JUNO_8 1,Line,To - From,-347.4,347.4,Hard Constraint,SFBRTHS5,AUG_2025,PeakWE,1.6
59906 LONGDRA 134342 LGDRAW 1,Line,To - From,-347.4,347.4,Hard Constraint,DMGSBTR5,AUG_2025,Off-peak,2.48
59906 LONGDRA 134342 LGDRAW 1,Line,To - From,-347.4,347.4,Hard Constraint,,AUG_2025,PeakWD,3.36
59906 LONGDRA 134342 LGDRAW 1,Line,To - From,-347.4,347.4,Hard Constraint,,AUG_2025,PeakWE,1.6
59906 LONGDRA 136332 BOCO_E 1,Line,From - To,192.9,192.9,Hard Constraint,SSALCHL5,AUG_2025,Off-peak,9.92
59906 LONGDRA 136332 BOCO_E 1,Line,To - From,-192.9,192.9,Hard Constraint,XBOC85,AUG_2025,Off-peak,2.48
59906 LONGDRA 136332 BOCO_E 1,Line,From - To,192.9,192.9,Hard Constraint,SSALCHL5,AUG_2025,PeakWD,13.44
59906 LONGDRA 136332 BOCO_E 1,Line,To - From,-192.9,192.9,Hard Constraint,XBOC85,AUG_2025,PeakWD,3.36
59906 LONGDRA 136332 BOCO_E 1,Line,From - To,192.9,192.9,Hard Constraint,SSALCHL5,AUG_2025,PeakWE,6.4
59906 LONGDRA 136332 BOCO_E 1,Line,To - From,-192.9,192.9,Hard Constraint,XBOC85,AUG_2025,PeakWE,1.6
59909 NOVA_13 143115 NOVA1S 1,Line,From - To,347.4,347.4,Hard Constraint,,AUG_2025,Off-peak,34.72
6015 MADDUX4A 60423 TREADWE 1,Line,From - To,162.0,162.0,Hard Constraint,SBIGTWI5,AUG_2025,Off-peak,303.34
6015 MADDUX4A 60423 TREADWE 1,Line,From - To,162.0,162.0,Hard Constraint,DBIGKEN5,AUG_2025,PeakWD,169.07
6015 MADDUX4A 6480 SAPOWER4 2,Line,To - From,-160.2,160.2,Hard Constraint,SMADSAP8,AUG_2025,Off-peak,573.44
60504 TESLA7B 142815 MISAE_ 1,Line,To - From,-1179.9,1179.9,Hard Constraint,,AUG_2025,PeakWD,3.21
60506 AVOGADR 60700 GAUSS7A 1,Line,From - To,1935.9,1935.9,Hard Constraint,,AUG_2025,Off-peak,13.09
60700 GAUSS7A 60701 GAUSS7B S1,Line,From - To,1935.9,1935.9,Hard Constraint,,AUG_2025,PeakWD,20.83
60700 GAUSS7A 60701 GAUSS7B S1,Line,From - To,1935.9,1935.9,Hard Constraint,,AUG_2025,PeakWE,9.18
60715 FIGARO7 182404 WKNAMA 1,Line,To - From,-645.3,645.3,Hard Constraint,,AUG_2025,Off-peak,59.43
60716 SGSA4A 60802 SOLSTIC 1,Line,To - From,-227.7,227.7,Hard Constraint,SSALCHL5,AUG_2025,Off-peak,2.28
60716 SGSA4A 60802 SOLSTIC 1,Line,To - From,-227.7,227.7,Hard Constraint,SSALCHL5,AUG_2025,PeakWD,3.36
60728 PALOUSE 60799 WOLFCAM 1,Line,From - To,160.2,160.2,Hard Constraint,DBAKRED5,AUG_2025,PeakWD,147.23
60728 PALOUSE 60799 WOLFCAM 1,Line,From - To,160.2,160.2,Hard Constraint,SBAKNOR5,AUG_2025,PeakWD,200.98
60728 PALOUSE 60799 WOLFCAM 1,Line,From - To,160.2,160.2,Hard Constraint,SCROPAL8,AUG_2025,PeakWD,233.22
60728 PALOUSE 60799 WOLFCAM 1,Line,From - To,160.2,160.2,Hard Constraint,DBAKRED5,AUG_2025,PeakWE,70.11
60728 PALOUSE 60799 WOLFCAM 1,Line,From - To,160.2,160.2,Hard Constraint,SCROPAL8,AUG_2025,PeakWE,52.47
6100 OKLA7A 140001 DCTM_D 1,Line,To - From,-270.0,270.0,Hard Constraint,XFSH58,AUG_2025,Off-peak,34.24
6100 OKLA7A 140001 DCTM_D 1,Line,To - From,-270.0,270.0,Hard Constraint,XFSH58,AUG_2025,PeakWD,9.56
6131 PADR2A 6140 MATA2A 1,Line,From - To,45.9,45.9,Hard Constraint,SMATMUL9,AUG_2025,PeakWE,41.49
6152 DKEC2A 6153 JATN2A 1,Line,To - From,-29.7,29.7,Hard Constraint,SWOLROT9,AUG_2025,Off-peak,118.34
6195 ROBY2A 6196 ROTN2A 1,Line,From - To,34.2,34.2,Hard Constraint,XSPU89,AUG_2025,Off-peak,99.63
6195 ROBY2A 6196 ROTN2A 1,Line,From - To,34.2,34.2,Hard Constraint,XSPU89,AUG_2025,PeakWD,343.14
6195 ROBY2A 6196 ROTN2A 1,Line,From - To,34.2,34.2,Hard Constraint,XSPU89,AUG_2025,PeakWE,37.17
6201 ABNTHWST 6228 ABNTHWST BT,Line,To - From,-155.7,155.7,Hard Constraint,SABIABM8,AUG_2025,Off-peak,571.49
6201 ABNTHWST 6228 ABNTHWST BT,Line,To - From,-155.7,155.7,Hard Constraint,XMUL58,AUG_2025,Off-peak,1069.78
6201 ABNTHWST 6228 ABNTHWST BT,Line,To - From,-155.7,155.7,Hard Constraint,SABIABM8,AUG_2025,PeakWD,2508.25
6201 ABNTHWST 6228 ABNTHWST BT,Line,To - From,-155.7,155.7,Hard Constraint,XMUL58,AUG_2025,PeakWD,17885.8
6201 ABNTHWST 6228 ABNTHWST BT,Line,To - From,-155.7,155.7,Hard Constraint,SABIABM8,AUG_2025,PeakWE,885.2
6201 ABNTHWST 6228 ABNTHWST BT,Line,To - From,-155.7,155.7,Hard Constraint,XMUL58,AUG_2025,PeakWE,9093.26
6216 BLF_CRK4 180457 H_HOLL 1,Line,To - From,-208.8,208.8,Hard Constraint,,AUG_2025,Off-peak,14.88
6216 BLF_CRK4 180457 H_HOLL 1,Line,From - To,208.8,208.8,Hard Constraint,,AUG_2025,Off-peak,2.48
6216 BLF_CRK4 180457 H_HOLL 1,Line,To - From,-208.8,208.8,Hard Constraint,,AUG_2025,PeakWD,41.45
6216 BLF_CRK4 180457 H_HOLL 1,Line,From - To,208.8,208.8,Hard Constraint,,AUG_2025,PeakWD,6.72
6216 BLF_CRK4 180457 H_HOLL 1,Line,To - From,-208.8,208.8,Hard Constraint,,AUG_2025,PeakWE,4.8
6228 ABNTHWST 6229 CALLAHAN 1,Line,From - To,121.5,121.5,Hard Constraint,SABSBLU8,AUG_2025,Off-peak,0.37
6228 ABNTHWST 6229 CALLAHAN 1,Line,From - To,121.5,121.5,Hard Constraint,DBLUBUF8,AUG_2025,PeakWD,2245.02
6228 ABNTHWST 6229 CALLAHAN 1,Line,From - To,121.5,121.5,Hard Constraint,DBLUBUF8,AUG_2025,PeakWE,232.88
6242 MERK2A 60405 CAPELLA 1,Line,From - To,34.2,34.2,Hard Constraint,SMCEESK8,AUG_2025,Off-peak,44.4
6255 ELMCRK4A 60772 ABIP4A 1,Line,To - From,-247.5,247.5,Hard Constraint,SABNABM8,AUG_2025,PeakWD,541.19
6309 PUTN4A 61015 SOLANUM 1,Line,From - To,69.3,69.3,Hard Constraint,,AUG_2025,PeakWD,606.43
6363 YELWJCKT 6368 HEXT2A 1,Line,From - To,27.0,27.0,Hard Constraint,SJUNYEL9,AUG_2025,Off-peak,59.86
6363 YELWJCKT 6368 HEXT2A 1,Line,From - To,27.0,27.0,Hard Constraint,SJUNYEL9,AUG_2025,PeakWD,11608.79
6363 YELWJCKT 6368 HEXT2A 1,Line,From - To,27.0,27.0,Hard Constraint,SJUNYEL9,AUG_2025,PeakWE,4367.67
6363 YELWJCKT 6401 MENPHTP2 1,Line,From - To,54.0,54.0,Hard Constraint,DYELHE89,AUG_2025,Off-peak,177.92
6363 YELWJCKT 6401 MENPHTP2 1,Line,From - To,54.0,54.0,Hard Constraint,DYELHE89,AUG_2025,PeakWD,78.57
6363 YELWJCKT 6401 MENPHTP2 1,Line,From - To,54.0,54.0,Hard Constraint,DYELHE89,AUG_2025,PeakWE,38.27
6393 MASN2A 6394 PHMA2A 1,Line,From - To,54.0,54.0,Hard Constraint,SFORYEL8,AUG_2025,Off-peak,1954.45
6393 MASN2A 6394 PHMA2A 1,Line,From - To,54.0,54.0,Hard Constraint,SFORYEL8,AUG_2025,PeakWE,234.52
6396 MASW2A 6397 STRETER2 1,Line,From - To,54.9,54.9,Hard Constraint,SJUNYEL9,AUG_2025,Off-peak,503.69
6399 KMJC2A 60091 KMJCR 1,Line,To - From,-27.9,27.9,Hard Constraint,DHUTGIL8,AUG_2025,Off-peak,4.7
6399 KMJC2A 60091 KMJCR 1,Line,To - From,-27.9,27.9,Hard Constraint,DHUTGIL8,AUG_2025,PeakWD,33.77
6399 KMJC2A 60091 KMJCR 1,Line,To - From,-27.9,27.9,Hard Constraint,DHUTGIL8,AUG_2025,PeakWE,16.82
6409 VRBS2A 6450 CONCHO2A 1,Line,To - From,-27.0,27.0,Hard Constraint,DBRNCMN8,AUG_2025,PeakWD,17391.71
6409 VRBS2A 6450 CONCHO2A 1,Line,To - From,-27.0,27.0,Hard Constraint,DBRNCMN8,AUG_2025,PeakWE,9130.86
6435 STER2A 6436 STCO2A 1,Line,From - To,34.2,34.2,Hard Constraint,DBAKCED5,AUG_2025,Off-peak,2219.88
6435 STER2A 6436 STCO2A 1,Line,From - To,34.2,34.2,Hard Constraint,XBSP89,AUG_2025,PeakWD,508.98
6477 SAMATHIS 6527 LAKENASW 1,Line,To - From,-34.2,34.2,Hard Constraint,DBAKCED5,AUG_2025,Off-peak,28745.36
6477 SAMATHIS 6527 LAKENASW 1,Line,To - From,-34.2,34.2,Hard Constraint,DNOESGT5,AUG_2025,Off-peak,3349.66
6477 SAMATHIS 6527 LAKENASW 1,Line,To - From,-34.2,34.2,Hard Constraint,DSGTSCH5,AUG_2025,Off-peak,116.06
6477 SAMATHIS 6527 LAKENASW 1,Line,To - From,-34.2,34.2,Hard Constraint,DBAKCED5,AUG_2025,PeakWD,17764.14
6477 SAMATHIS 6527 LAKENASW 1,Line,To - From,-34.2,34.2,Hard Constraint,DBAKCED5,AUG_2025,PeakWE,4154.47
6511 ATSO2A 6513 SONR2A 1,Line,To - From,-34.2,34.2,Hard Constraint,SCARFRI8,AUG_2025,Off-peak,23054.91
6534 BIGLAKE2 6546 PHBL_TAP 1,Line,From - To,34.2,34.2,Hard Constraint,SES2FRI8,AUG_2025,Off-peak,47396.54
6534 BIGLAKE2 6546 PHBL_TAP 1,Line,From - To,34.2,34.2,Hard Constraint,SOZNFRI9,AUG_2025,Off-peak,3741.81
6534 BIGLAKE2 6546 PHBL_TAP 1,Line,From - To,34.2,34.2,Hard Constraint,SES2FRI8,AUG_2025,PeakWD,1180.37
6534 BIGLAKE2 6546 PHBL_TAP 1,Line,From - To,34.2,34.2,Hard Constraint,SOZNFRI9,AUG_2025,PeakWD,14356.88
6534 BIGLAKE2 6546 PHBL_TAP 1,Line,From - To,34.2,34.2,Hard Constraint,SES2FRI8,AUG_2025,PeakWE,1765.13
6534 BIGLAKE2 6546 PHBL_TAP 1,Line,From - To,34.2,34.2,Hard Constraint,SOZNFRI9,AUG_2025,PeakWE,5817.14
6601 RIOPECOS 76615 L_LCRAN 1,Line,From - To,154.8,154.8,Hard Constraint,DNORCAS8,AUG_2025,Off-peak,34.84
6628 FTST2A 6663 COCS2A 1,Line,From - To,51.3,51.3,Hard Constraint,DBAKSOL5,AUG_2025,Off-peak,100.95
6628 FTST2A 6663 COCS2A 1,Line,To - From,-51.3,51.3,Hard Constraint,SBROALP9,AUG_2025,PeakWD,29.08
6628 FTST2A 6663 COCS2A 1,Line,From - To,51.3,51.3,Hard Constraint,SSOLALM8,AUG_2025,PeakWD,148.33
6628 FTST2A 6663 COCS2A 1,Line,From - To,51.3,51.3,Hard Constraint,DBAKSOL5,AUG_2025,PeakWE,38.08
6628 FTST2A 6663 COCS2A 1,Line,To - From,-51.3,51.3,Hard Constraint,SBROALP9,AUG_2025,PeakWE,2.46
6630 FTST4A 38355 TNLEONC 1,Line,From - To,207.9,207.9,Hard Constraint,DALASOA8,AUG_2025,Off-peak,130.88
6630 FTST4A 38355 TNLEONC 1,Line,From - To,157.5,157.5,Hard Constraint,,AUG_2025,Off-peak,122.38
6630 FTST4A 38355 TNLEONC 1,Line,From - To,157.5,157.5,Hard Constraint,,AUG_2025,PeakWD,41.58
6630 FTST4A 38355 TNLEONC 1,Line,From - To,157.5,157.5,Hard Constraint,,AUG_2025,PeakWE,86.41
6648 HARGROVE 60374 PUMPJAC 1,Line,From - To,135.9,135.9,Hard Constraint,DBAKCED5,AUG_2025,Off-peak,59283.98
6648 HARGROVE 60374 PUMPJAC 1,Line,From - To,135.9,135.9,Hard Constraint,DBAKCED5,AUG_2025,PeakWD,16902.78
6648 HARGROVE 60374 PUMPJAC 1,Line,From - To,135.9,135.9,Hard Constraint,DBAKCED5,AUG_2025,PeakWE,8989.39
6650 CHERRTAP 6651 CHERRYCR 1,Line,From - To,27.0,27.0,Hard Constraint,DBAKCED5,AUG_2025,Off-peak,17.56
6650 CHERRTAP 6651 CHERRYCR 1,Line,To - From,-27.0,27.0,Hard Constraint,DVLSPAC5,AUG_2025,Off-peak,14.88
6650 CHERRTAP 6651 CHERRYCR 1,Line,To - From,-27.0,27.0,Hard Constraint,,AUG_2025,PeakWD,57.66
6650 CHERRTAP 6651 CHERRYCR 1,Line,From - To,27.0,27.0,Hard Constraint,,AUG_2025,PeakWD,30.24
6650 CHERRTAP 6651 CHERRYCR 1,Line,To - From,-27.0,27.0,Hard Constraint,DMOSME25,AUG_2025,PeakWE,9.6
6650 CHERRTAP 6651 CHERRYCR 1,Line,From - To,27.0,27.0,Hard Constraint,,AUG_2025,PeakWE,1.09
6658 MECPLNVW 60090 WKNBR2A 1,Line,To - From,-60.1,60.1,Hard Constraint,XCRO95,AUG_2025,PeakWE,4.08
6674 BRONCO2A 38490 TNBELDI 1,Line,From - To,54.0,54.0,Hard Constraint,SBROALP9,AUG_2025,PeakWD,87.94
6674 BRONCO2A 38490 TNBELDI 1,Line,To - From,-54.0,54.0,Hard Constraint,SSOLALM8,AUG_2025,PeakWD,194.24
6674 BRONCO2A 38490 TNBELDI 1,Line,From - To,54.0,54.0,Hard Constraint,SBROALP9,AUG_2025,PeakWE,16.55
6674 BRONCO2A 38490 TNBELDI 1,Line,To - From,-54.0,54.0,Hard Constraint,SSOLALM8,AUG_2025,PeakWE,88.64
68092 LIBERTY 163273 AQUILL 1,Line,To - From,-764.1,764.1,Hard Constraint,,AUG_2025,Off-peak,4.96
68092 LIBERTY 163273 AQUILL 1,Line,From - To,764.1,764.1,Hard Constraint,,AUG_2025,Off-peak,0.59
6852 BENWH_RC 120193 KELAM_ 1,Line,From - To,59.4,59.4,Hard Constraint,,AUG_2025,Off-peak,10.36
6852 BENWH_RC 120193 KELAM_ 1,Line,To - From,-59.4,59.4,Hard Constraint,,AUG_2025,PeakWD,18.94
6852 BENWH_RC 120193 KELAM_ 1,Line,From - To,59.4,59.4,Hard Constraint,,AUG_2025,PeakWD,55.32
6852 BENWH_RC 120193 KELAM_ 1,Line,To - From,-59.4,59.4,Hard Constraint,DFMRCYC5,AUG_2025,PeakWE,14.34
6852 BENWH_RC 120193 KELAM_ 1,Line,From - To,59.4,59.4,Hard Constraint,DFMRCYC5,AUG_2025,PeakWE,43.45
6903 BOZE 6908 SCURY_RC 1,Line,To - From,-191.7,191.7,Hard Constraint,,AUG_2025,PeakWD,328.03
6903 BOZE 6908 SCURY_RC 1,Line,To - From,-191.7,191.7,Hard Constraint,,AUG_2025,PeakWE,57.39
6950 WALSW_RC 152683 TURQBE 1,Line,From - To,189.0,189.0,Hard Constraint,,AUG_2025,Off-peak,0.77
7044 L_MARION 170167 GUADG_ 1,Line,To - From,-1075.5,1075.5,Hard Constraint,SGUAMA25,AUG_2025,PeakWE,12.49
7044 L_MARION 7050 L_CLEASP 1,Line,From - To,966.6,966.6,Hard Constraint,SMARZOR5,AUG_2025,Off-peak,151.45
7044 L_MARION 7050 L_CLEASP 1,Line,From - To,966.6,966.6,Hard Constraint,SMARZOR5,AUG_2025,PeakWD,747.25
7044 L_MARION 7050 L_CLEASP 1,Line,From - To,966.6,966.6,Hard Constraint,SMARZOR5,AUG_2025,PeakWE,259.7
7048 L_GARFIE 9074 LYTTON34 1,Line,To - From,-794.7,794.7,Hard Constraint,DFPPLOS5,AUG_2025,Off-peak,32.8
70498 P_BUDA_ 70509 P_RUTHE 1,Line,From - To,197.1,197.1,Hard Constraint,SMANBUD8,AUG_2025,PeakWD,297.05
70498 P_BUDA_ 70509 P_RUTHE 1,Line,From - To,197.1,197.1,Hard Constraint,SMANBUD8,AUG_2025,PeakWE,564.48
7100 L_BURNET 7104 L_WIRTZ_ 1,Line,To - From,-200.7,200.7,Hard Constraint,DFERGRM8,AUG_2025,Off-peak,404.45
7100 L_BURNET 7104 L_WIRTZ_ 1,Line,To - From,-200.7,200.7,Hard Constraint,DMARPA_8,AUG_2025,Off-peak,55.24
7100 L_BURNET 7104 L_WIRTZ_ 1,Line,To - From,-200.7,200.7,Hard Constraint,DFERGRM8,AUG_2025,PeakWD,2540.07
7100 L_BURNET 7104 L_WIRTZ_ 1,Line,To - From,-200.7,200.7,Hard Constraint,DFERGRM8,AUG_2025,PeakWE,480.83
7104 L_WIRTZ_ 7126 L_FERGUS 1,Line,To - From,-430.2,430.2,Hard Constraint,DFERWIR8,AUG_2025,Off-peak,63.5
7104 L_WIRTZ_ 7126 L_FERGUS 1,Line,To - From,-430.2,430.2,Hard Constraint,DFERWIR8,AUG_2025,PeakWE,36.34
7104 L_WIRTZ_ 7126 L_FERGUS 2,Line,To - From,-430.2,430.2,Hard Constraint,DFER_WI8,AUG_2025,Off-peak,19.05
7155 L_COMFOR 7158 L_RAYMBA 1,Line,From - To,117.0,117.0,Hard Constraint,SCOMCYP8,AUG_2025,PeakWD,14130.58
7155 L_COMFOR 7158 L_RAYMBA 1,Line,From - To,117.0,117.0,Hard Constraint,SCOMCYP8,AUG_2025,PeakWE,3861.32
7192 L_SANMAR 7200 L_CANYON 1,Line,From - To,200.7,200.7,Hard Constraint,SKYLSAN8,AUG_2025,PeakWD,10744.97
7192 L_SANMAR 7200 L_CANYON 1,Line,From - To,200.7,200.7,Hard Constraint,SKYLSAN8,AUG_2025,PeakWE,1668.17
7270 L_BELLSO 46220 PETERS_ 1,Line,From - To,353.7,353.7,Hard Constraint,DFPPHOL5,AUG_2025,Off-peak,193.03
7289 L_SALEM_ 7291 L_HIGH36 1,Line,From - To,353.7,353.7,Hard Constraint,SBRESAL8,AUG_2025,PeakWD,5410.78
7289 L_SALEM_ 7291 L_HIGH36 1,Line,From - To,353.7,353.7,Hard Constraint,SBRESAL8,AUG_2025,PeakWE,98.32
730 WOLFRIDGE 746 STJO8 1,Line,From - To,212.4,212.4,Hard Constraint,SMYRSPR8,AUG_2025,Off-peak,53.72
730 WOLFRIDGE 746 STJO8 1,Line,From - To,212.4,212.4,Hard Constraint,SMYRSPR8,AUG_2025,PeakWE,58.91
7306 L_WINCHE 904581 L_SIMG 1,Line,From - To,177.3,177.3,Hard Constraint,DAUSLOS5,AUG_2025,Off-peak,137.74
7306 L_WINCHE 904581 L_SIMG 1,Line,From - To,177.3,177.3,Hard Constraint,DAUSLOS5,AUG_2025,PeakWD,2422.29
7306 L_WINCHE 904581 L_SIMG 1,Line,From - To,181.7,181.7,Hard Constraint,DAUSLOS5,AUG_2025,PeakWE,733.79
7310 L_SIMGID 7319 L_BASTCI 1,Line,From - To,237.7,237.7,Hard Constraint,DGIDTAH8,AUG_2025,Off-peak,29.58
7310 L_SIMGID 7319 L_BASTCI 1,Line,From - To,253.0,253.0,Hard Constraint,DGIDTAH8,AUG_2025,PeakWD,838.7
7319 L_BASTCI 7326 L_SWIFTE 1,Line,From - To,263.6,263.6,Hard Constraint,DGIDTAH8,AUG_2025,PeakWE,252.72
7324 L_BUTLER 904581 L_SIMG 1,Line,To - From,-200.7,200.7,Hard Constraint,DAUSBEU5,AUG_2025,Off-peak,50.96
7327 L_SETTLE 904581 L_SIMG 1,Line,To - From,-200.7,200.7,Hard Constraint,DAUSLOS5,AUG_2025,Off-peak,5.03
7327 L_SETTLE 904581 L_SIMG 1,Line,To - From,-200.7,200.7,Hard Constraint,DAUSLOS5,AUG_2025,PeakWD,3111.44
7327 L_SETTLE 904581 L_SIMG 1,Line,To - From,-200.7,200.7,Hard Constraint,DAUSLOS5,AUG_2025,PeakWE,966.84
7438 L_BANDER 7441 L_MASOCR 1,Line,From - To,198.9,198.9,Hard Constraint,DCAGCO58,AUG_2025,Off-peak,22.9
7463 L_ECMORN 7611 L_PARKWA 1,Line,From - To,213.3,213.3,Hard Constraint,DCIBSCH8,AUG_2025,Off-peak,374.68
7463 L_ECMORN 7611 L_PARKWA 1,Line,From - To,213.3,213.3,Hard Constraint,DCIBSCH8,AUG_2025,PeakWD,6259.86
7463 L_ECMORN 7611 L_PARKWA 1,Line,From - To,213.3,213.3,Hard Constraint,DCIBSCH8,AUG_2025,PeakWE,1783.65
7500 L_TURNER 7503 L_CROSSW 1,Line,From - To,200.7,200.7,Hard Constraint,SBUDTUR8,AUG_2025,PeakWD,5297.19
7500 L_TURNER 7503 L_CROSSW 1,Line,From - To,200.7,200.7,Hard Constraint,SBUDTUR8,AUG_2025,PeakWE,74.72
7565 L_MAXZUE 7572 L_GAYHIL 1,Line,From - To,117.0,117.0,Hard Constraint,SBREHIG8,AUG_2025,PeakWD,16328.83
7565 L_MAXZUE 7572 L_GAYHIL 1,Line,From - To,117.0,117.0,Hard Constraint,SBREHIG8,AUG_2025,PeakWE,19574.14
76040 L_CASTI 132783 CASL_G 1,Line,To - From,-208.8,208.8,Hard Constraint,,AUG_2025,PeakWE,1.6
76040 L_CASTI 132943 SPTX12 1,Line,From - To,208.8,208.8,Hard Constraint,SCARFRI8,AUG_2025,Off-peak,2.48
76040 L_CASTI 132943 SPTX12 1,Line,To - From,-208.8,208.8,Hard Constraint,SCROPAL8,AUG_2025,PeakWE,0.86
779 SEYMOUR 1534 SEYMOUR_ 1,Line,To - From,-25.2,25.2,Hard Constraint,SOLNELB9,AUG_2025,Off-peak,51.13
779 SEYMOUR 1534 SEYMOUR_ 1,Line,To - From,-25.2,25.2,Hard Constraint,SOLNELB9,AUG_2025,PeakWD,69.28
779 SEYMOUR 1534 SEYMOUR_ 1,Line,From - To,25.2,25.2,Hard Constraint,SOLNELB9,AUG_2025,PeakWD,74.27
779 SEYMOUR 1534 SEYMOUR_ 1,Line,To - From,-25.2,25.2,Hard Constraint,SOLNELB9,AUG_2025,PeakWE,93.27
779 SEYMOUR 1534 SEYMOUR_ 1,Line,From - To,25.2,25.2,Hard Constraint,SOLNELB9,AUG_2025,PeakWE,26.37
78280 L_BEVO_ 78281 L_DIMMI 1,Line,From - To,217.8,217.8,Hard Constraint,SODLBRA8,AUG_2025,PeakWD,251.43
79000 GRAY 140473 MIAMI_ 1,Line,To - From,-538.2,538.2,Hard Constraint,,AUG_2025,PeakWD,3.36
80013 LARDVNT 80165 LARDVFT 1,Line,From - To,191.7,191.7,Hard Constraint,,AUG_2025,Off-peak,2.48
80013 LARDVNT 80165 LARDVFT 1,Line,To - From,-191.7,191.7,Hard Constraint,,AUG_2025,PeakWD,3.36
80013 LARDVNT 80165 LARDVFT 1,Line,From - To,191.7,191.7,Hard Constraint,,AUG_2025,PeakWD,6.72
80013 LARDVNT 80165 LARDVFT 1,Line,From - To,191.7,191.7,Hard Constraint,,AUG_2025,PeakWE,4.8
80219 LOBO7A 80235 AVANZAD 1,Line,From - To,1221.3,1221.3,Hard Constraint,,AUG_2025,Off-peak,57.08
80260 GILA4A 160095 NUECES 1,Line,To - From,-199.8,199.8,Hard Constraint,,AUG_2025,PeakWD,13.44
80260 GILA4A 160095 NUECES 1,Line,To - From,-199.8,199.8,Hard Constraint,,AUG_2025,PeakWE,10.75
8041 ROWE4A 8631 NMCALLEN 1,Line,To - From,-315.0,315.0,Hard Constraint,SPHAPOL8,AUG_2025,PeakWD,33.69
80481 PILONCI 88909 NLARSW4 1,Line,From - To,112.5,112.5,Hard Constraint,DFOWSMG5,AUG_2025,Off-peak,0
80481 PILONCI 88909 NLARSW4 1,Line,From - To,112.5,112.5,Hard Constraint,DLOBCEN5,AUG_2025,Off-peak,1262.47
80481 PILONCI 88909 NLARSW4 1,Line,From - To,112.5,112.5,Hard Constraint,SCORLOB5,AUG_2025,Off-peak,136.33
80481 PILONCI 88909 NLARSW4 1,Line,From - To,112.5,112.5,Hard Constraint,SLARLA38,AUG_2025,Off-peak,63.57
80481 PILONCI 88909 NLARSW4 1,Line,From - To,112.5,112.5,Hard Constraint,SLARLOB8,AUG_2025,Off-peak,459.91
80481 PILONCI 88909 NLARSW4 1,Line,From - To,112.5,112.5,Hard Constraint,DFOWSMG5,AUG_2025,PeakWD,2347.44
80481 PILONCI 88909 NLARSW4 1,Line,From - To,112.5,112.5,Hard Constraint,SCORLOB5,AUG_2025,PeakWD,92.35
80481 PILONCI 88909 NLARSW4 1,Line,From - To,112.5,112.5,Hard Constraint,DFOWSMG5,AUG_2025,PeakWE,1204.79
80481 PILONCI 88909 NLARSW4 1,Line,From - To,112.5,112.5,Hard Constraint,SLARLA38,AUG_2025,PeakWE,41.01
810 CENTRVIL 834 MCCREE8 1,Line,To - From,-232.2,232.2,Hard Constraint,SSHIMCC8,AUG_2025,PeakWD,4467.84
810 CENTRVIL 834 MCCREE8 1,Line,To - From,-232.2,232.2,Hard Constraint,SSHIMCC8,AUG_2025,PeakWE,1660.68
8102 EL_CAMPO 78104 L_RICEB 1,Line,From - To,198.0,198.0,Hard Constraint,DVANEDN8,AUG_2025,Off-peak,18.39
8102 EL_CAMPO 8679 ARROZ4A 1,Line,To - From,-185.4,185.4,Hard Constraint,SWCPYT8,AUG_2025,Off-peak,12.69
8102 EL_CAMPO 8679 ARROZ4A 1,Line,To - From,-185.4,185.4,Hard Constraint,SWCPYT8,AUG_2025,PeakWD,467.09
8102 EL_CAMPO 8679 ARROZ4A 1,Line,To - From,-185.4,185.4,Hard Constraint,SWCPYT8,AUG_2025,PeakWE,70.01
8107 TYNAN2A 8407 MATHIS2B 1,Line,To - From,-54.9,54.9,Hard Constraint,SCHATHR8,AUG_2025,Off-peak,109.23
811 NEVADA 833 WYLIESW 1,Line,From - To,211.5,211.5,Hard Constraint,SPRUGN_8,AUG_2025,Off-peak,1.15
811 NEVADA 833 WYLIESW 1,Line,From - To,211.5,211.5,Hard Constraint,SBNDELM8,AUG_2025,PeakWD,464.2
811 NEVADA 833 WYLIESW 1,Line,From - To,211.5,211.5,Hard Constraint,SPRUGN_8,AUG_2025,PeakWD,44.01
811 NEVADA 833 WYLIESW 1,Line,From - To,211.5,211.5,Hard Constraint,SBNDELM8,AUG_2025,PeakWE,117.42
811 NEVADA 833 WYLIESW 1,Line,From - To,211.5,211.5,Hard Constraint,SPRUGN_8,AUG_2025,PeakWE,27.8
811 NEVADA 991 SABINECRK 1,Line,From - To,211.5,211.5,Hard Constraint,SWALWLN8,AUG_2025,Off-peak,16.23
811 NEVADA 991 SABINECRK 1,Line,From - To,211.5,211.5,Hard Constraint,SWALWLN8,AUG_2025,PeakWD,76.28
8112 LSCRUCES 80013 LARDVNT 1,Line,To - From,-234.0,234.0,Hard Constraint,DFOWSMG5,AUG_2025,Off-peak,7529.94
8112 LSCRUCES 80013 LARDVNT 1,Line,To - From,-234.0,234.0,Hard Constraint,SDELLAR8,AUG_2025,Off-peak,2316.46
8112 LSCRUCES 80013 LARDVNT 1,Line,To - From,-234.0,234.0,Hard Constraint,DFOWSMG5,AUG_2025,PeakWD,15266.72
8112 LSCRUCES 80013 LARDVNT 1,Line,To - From,-234.0,234.0,Hard Constraint,SDELLAR8,AUG_2025,PeakWD,2402.52
8112 LSCRUCES 80013 LARDVNT 1,Line,To - From,-234.0,234.0,Hard Constraint,DFOWSMG5,AUG_2025,PeakWE,7991.75
8119 BLESSING 8131 PALACIOS 1,Line,From - To,35.1,35.1,Hard Constraint,DELMTEX5,AUG_2025,Off-peak,269.02
8119 BLESSING 8131 PALACIOS 1,Line,From - To,35.1,35.1,Hard Constraint,DELMTEX5,AUG_2025,PeakWD,573.38
8119 BLESSING 8131 PALACIOS 1,Line,From - To,35.1,35.1,Hard Constraint,SPENZOR5,AUG_2025,PeakWD,423.91
8121 BLESSING 8125 LOLITA4A 1,Line,To - From,-197.2,197.2,Hard Constraint,DELMSAN5,AUG_2025,PeakWD,200.05
8121 BLESSING 8125 LOLITA4A 1,Line,To - From,-197.2,197.2,Hard Constraint,SCORLOB5,AUG_2025,PeakWD,97.46
8121 BLESSING 8614 PAVLOV4B 1,Line,From - To,141.3,141.3,Hard Constraint,SSTPESP8,AUG_2025,Off-peak,41.54
8121 BLESSING 8614 PAVLOV4B 1,Line,From - To,141.3,141.3,Hard Constraint,SSTPESP8,AUG_2025,PeakWD,441.41
8121 BLESSING 8614 PAVLOV4B 1,Line,From - To,141.3,141.3,Hard Constraint,SSTPESP8,AUG_2025,PeakWE,197.43
8126 FORMOSA4 8140 JOSLIN4A 1,Line,From - To,194.4,194.4,Hard Constraint,DVICDUP8,AUG_2025,PeakWE,32.62
8127 LAN_CTY4 8608 PAVLOV4A 1,Line,To - From,-141.3,141.3,Hard Constraint,SSTPESP8,AUG_2025,Off-peak,31.34
8127 LAN_CTY4 8608 PAVLOV4A 1,Line,To - From,-141.3,141.3,Hard Constraint,SSTPESP8,AUG_2025,PeakWD,2.31
8131 PALACIOS 8555 CARANCUA 1,Line,From - To,35.1,35.1,Hard Constraint,DELMTEX5,AUG_2025,Off-peak,732.33
8135 P_LAVACA 901402 BROOKH 1,Line,From - To,36.9,36.9,Hard Constraint,SLOLBLE8,AUG_2025,PeakWD,236.71
8143 V_DUPSW4 8157 BIGTRE4B 1,Line,From - To,141.3,141.3,Hard Constraint,DJOSPO89,AUG_2025,Off-peak,166.09
8143 V_DUPSW4 8157 BIGTRE4B 1,Line,From - To,141.3,141.3,Hard Constraint,SJOSBRO8,AUG_2025,PeakWD,632.51
8143 V_DUPSW4 8157 BIGTRE4B 1,Line,From - To,141.3,141.3,Hard Constraint,DJOSPO89,AUG_2025,PeakWE,532.86
8159 GREENLK2 8572 WEAVERRD 1,Line,To - From,-35.1,35.1,Hard Constraint,DVICDUP8,AUG_2025,Off-peak,65.38
8162 COLETO4A 8172 VICTORIA 2,Line,From - To,288.0,288.0,Hard Constraint,SVICCO28,AUG_2025,PeakWD,1089.63
8172 VICTORIA 8194 MAGRUDER 1,Line,From - To,191.6,191.6,Hard Constraint,XVIC89,AUG_2025,Off-peak,417.1
8172 VICTORIA 8194 MAGRUDER 1,Line,From - To,191.3,191.3,Hard Constraint,DELMSAN5,AUG_2025,PeakWD,2825.13
8172 VICTORIA 8194 MAGRUDER 1,Line,From - To,191.9,191.9,Hard Constraint,DELMSAN5,AUG_2025,PeakWE,1397.02
8234 UVALDE4A 8236 W_BATESV 1,Line,To - From,-109.9,109.9,Hard Constraint,SDIMBEV8,AUG_2025,Off-peak,518.02
8236 W_BATESV 88285 LIPTON4 1,Line,From - To,109.8,109.8,Hard Constraint,SODLBRA8,AUG_2025,PeakWE,252.36
8252 BRACKETT 8260 ESCONDID 1,Line,From - To,117.0,117.0,Hard Constraint,SBRAHAM8,AUG_2025,PeakWD,670.43
8252 BRACKETT 8260 ESCONDID 1,Line,From - To,117.0,117.0,Hard Constraint,SBRAHAM8,AUG_2025,PeakWE,330.81
8267 GANSO4A 8692 MAVERICK 1,Line,From - To,109.8,109.8,Hard Constraint,SBRAHAM8,AUG_2025,Off-peak,3498.22
8267 GANSO4A 8692 MAVERICK 1,Line,From - To,109.8,109.8,Hard Constraint,SBRAPIN8,AUG_2025,Off-peak,1834.72
8267 GANSO4A 8692 MAVERICK 1,Line,From - To,109.8,109.8,Hard Constraint,SBRAHAM8,AUG_2025,PeakWD,1597.5
8267 GANSO4A 8692 MAVERICK 1,Line,From - To,109.8,109.8,Hard Constraint,SBRAPIN8,AUG_2025,PeakWD,471.02
8267 GANSO4A 8692 MAVERICK 1,Line,From - To,109.8,109.8,Hard Constraint,SBRAHAM8,AUG_2025,PeakWE,673.64
8267 GANSO4A 8692 MAVERICK 1,Line,From - To,109.8,109.8,Hard Constraint,SBRAPIN8,AUG_2025,PeakWE,562.11
8275 MILITARY 8950 OLMITO4A 1,Line,To - From,-189.9,189.9,Hard Constraint,SSTILOM8,AUG_2025,PeakWD,1.01
8275 MILITARY 8950 OLMITO4A 1,Line,To - From,-189.9,189.9,Hard Constraint,SSTILOM8,AUG_2025,PeakWE,2.43
8283 ASHERTON 8970 CATARINA 1,Line,To - From,-109.8,109.8,Hard Constraint,DFOWSMG5,AUG_2025,Off-peak,35.9
8283 ASHERTON 8970 CATARINA 1,Line,From - To,109.8,109.8,Hard Constraint,DFOWSMG5,AUG_2025,Off-peak,358.36
8283 ASHERTON 8970 CATARINA 1,Line,To - From,-109.8,109.8,Hard Constraint,DFOWSMG5,AUG_2025,PeakWD,387.09
8283 ASHERTON 8970 CATARINA 1,Line,From - To,109.8,109.8,Hard Constraint,DFOWSMG5,AUG_2025,PeakWD,2761.76
8283 ASHERTON 8970 CATARINA 1,Line,To - From,-109.8,109.8,Hard Constraint,DFOWSMG5,AUG_2025,PeakWE,205.71
8283 ASHERTON 8970 CATARINA 1,Line,From - To,109.8,109.8,Hard Constraint,DFOWSMG5,AUG_2025,PeakWE,1152.64
8299 ZAPATA4A 8699 RANDADO4 1,Line,To - From,-69.3,69.3,Hard Constraint,SKLELOY8,AUG_2025,PeakWE,14.4
8314 LA_PALMA 8322 HAINE_DR 1,Line,From - To,189.9,189.9,Hard Constraint,DBONRIO5,AUG_2025,Off-peak,373.91
8314 LA_PALMA 8322 HAINE_DR 1,Line,From - To,189.9,189.9,Hard Constraint,SRAYRI28,AUG_2025,Off-peak,538.12
8314 LA_PALMA 8322 HAINE_DR 1,Line,From - To,189.9,189.9,Hard Constraint,DBONRIO5,AUG_2025,PeakWD,3068.73
8314 LA_PALMA 8322 HAINE_DR 1,Line,From - To,189.9,189.9,Hard Constraint,SRAYRI28,AUG_2025,PeakWD,3406.63
8314 LA_PALMA 8322 HAINE_DR 1,Line,From - To,189.9,189.9,Hard Constraint,DBONRIO5,AUG_2025,PeakWE,1322.64
8314 LA_PALMA 8322 HAINE_DR 1,Line,From - To,189.9,189.9,Hard Constraint,SRAYRI28,AUG_2025,PeakWE,1869.38
8314 LA_PALMA 8322 HAINE_DR 1,Line,From - To,189.9,189.9,Hard Constraint,SRAYRI38,AUG_2025,PeakWE,705.16
8314 LA_PALMA 8333 L_FRESNO 1,Line,From - To,208.8,208.8,Hard Constraint,DPALXMR5,AUG_2025,Off-peak,15.84
8314 LA_PALMA 8333 L_FRESNO 1,Line,From - To,208.8,208.8,Hard Constraint,DPALXMR5,AUG_2025,PeakWD,9.78
8314 LA_PALMA 8333 L_FRESNO 1,Line,From - To,208.8,208.8,Hard Constraint,DPALXMR5,AUG_2025,PeakWE,60.19
8337 SCARBIDE 79601 STILLMA 1,Line,To - From,-189.9,189.9,Hard Constraint,SSTILOM8,AUG_2025,Off-peak,64.01
8337 SCARBIDE 79601 STILLMA 1,Line,To - From,-189.9,189.9,Hard Constraint,SSTILOM8,AUG_2025,PeakWD,1456.87
8337 SCARBIDE 79601 STILLMA 1,Line,To - From,-189.9,189.9,Hard Constraint,SSTILOM8,AUG_2025,PeakWE,710.06
8337 SCARBIDE 8338 P_ISABEL 1,Line,To - From,-157.5,157.5,Hard Constraint,SLAULA_8,AUG_2025,Off-peak,2.18
8348 WESLACOU 8662 VERTREES 1,Line,To - From,-140.4,140.4,Hard Constraint,DBONRIO5,AUG_2025,Off-peak,116.01
8348 WESLACOU 8662 VERTREES 1,Line,To - From,-140.4,140.4,Hard Constraint,SMVRLA_8,AUG_2025,Off-peak,86.69
8348 WESLACOU 8662 VERTREES 1,Line,To - From,-140.4,140.4,Hard Constraint,SMVRLA_8,AUG_2025,PeakWD,1470.31
8348 WESLACOU 8662 VERTREES 1,Line,To - From,-140.4,140.4,Hard Constraint,SMVRLA_8,AUG_2025,PeakWE,358.65
8371 S_MCALLN 79602 TAYLOR 1,Line,To - From,-262.8,262.8,Hard Constraint,SS_MRAI8,AUG_2025,Off-peak,13.51
8371 S_MCALLN 79603 BENTSEN 1,Line,From - To,386.1,386.1,Hard Constraint,SS_MRAI8,AUG_2025,Off-peak,21.2
8380 NEDIN4A 160234 NEDIN_ 1,Line,To - From,-275.4,275.4,Hard Constraint,,AUG_2025,Off-peak,7.44
8380 NEDIN4A 160234 NEDIN_ 1,Line,To - From,-275.4,275.4,Hard Constraint,,AUG_2025,PeakWD,204.41
8380 NEDIN4A 160234 NEDIN_ 1,Line,To - From,-275.5,275.5,Hard Constraint,,AUG_2025,PeakWE,26.37
8380 NEDIN4A 160235 NEDIN_ 1,Line,To - From,-275.4,275.4,Hard Constraint,,AUG_2025,Off-peak,7.44
8380 NEDIN4A 160235 NEDIN_ 1,Line,To - From,-275.3,275.3,Hard Constraint,,AUG_2025,PeakWD,204.41
8380 NEDIN4A 160235 NEDIN_ 1,Line,To - From,-275.4,275.4,Hard Constraint,,AUG_2025,PeakWE,43.47
8380 NEDIN4A 160236 NEDIN_ 1,Line,To - From,-281.8,281.8,Hard Constraint,,AUG_2025,Off-peak,7.44
8380 NEDIN4A 160236 NEDIN_ 1,Line,To - From,-281.8,281.8,Hard Constraint,,AUG_2025,PeakWD,369.6
8380 NEDIN4A 160236 NEDIN_ 1,Line,To - From,-281.8,281.8,Hard Constraint,,AUG_2025,PeakWE,107.97
8380 NEDIN4A 8963 HEC4A 1,Line,To - From,-439.2,439.2,Hard Constraint,DDUKCLO8,AUG_2025,Off-peak,4.53
8397 GARZA2A 8799 CONTINEN 1,Line,From - To,34.2,34.2,Hard Constraint,DHUTGIL8,AUG_2025,Off-peak,35.7
8397 GARZA2A 8799 CONTINEN 1,Line,To - From,-34.2,34.2,Hard Constraint,,AUG_2025,Off-peak,10.68
8397 GARZA2A 8799 CONTINEN 1,Line,From - To,34.2,34.2,Hard Constraint,DHUTGIL8,AUG_2025,PeakWD,143.81
8397 GARZA2A 8799 CONTINEN 1,Line,From - To,34.2,34.2,Hard Constraint,DHUTGIL8,AUG_2025,PeakWE,8.02
8421 GREGORY2 8427 ARANSASP 1,Line,From - To,56.7,56.7,Hard Constraint,SGRERIN9,AUG_2025,Off-peak,16.4
8421 GREGORY2 8427 ARANSASP 1,Line,From - To,56.7,56.7,Hard Constraint,SGRERIN9,AUG_2025,PeakWE,10.66
8422 I_DUPSW4 80470 MCCAMPB 2,Line,To - From,-219.6,219.6,Hard Constraint,SMCCRES8,AUG_2025,Off-peak,12.82
8422 I_DUPSW4 80470 MCCAMPB 2,Line,From - To,219.6,219.6,Hard Constraint,SMCCRES8,AUG_2025,Off-peak,194.86
8422 I_DUPSW4 80470 MCCAMPB 2,Line,To - From,-219.6,219.6,Hard Constraint,SMCCRES8,AUG_2025,PeakWD,84.61
8422 I_DUPSW4 80470 MCCAMPB 2,Line,From - To,219.6,219.6,Hard Constraint,SMCCRES8,AUG_2025,PeakWD,409.52
8422 I_DUPSW4 80470 MCCAMPB 2,Line,To - From,-219.6,219.6,Hard Constraint,SMCCRES8,AUG_2025,PeakWE,25.91
8422 I_DUPSW4 80470 MCCAMPB 2,Line,From - To,219.6,219.6,Hard Constraint,SMCCRES8,AUG_2025,PeakWE,129.63
8422 I_DUPSW4 8819 I_DUPP14 2,Line,From - To,189.9,189.9,Hard Constraint,SI_DALI8,AUG_2025,Off-peak,25.82
8422 I_DUPSW4 8819 I_DUPP14 2,Line,To - From,-189.9,189.9,Hard Constraint,SOXYALI8,AUG_2025,Off-peak,31.78
8422 I_DUPSW4 8819 I_DUPP14 2,Line,From - To,189.9,189.9,Hard Constraint,SI_DALI8,AUG_2025,PeakWD,125.95
8422 I_DUPSW4 8819 I_DUPP14 2,Line,To - From,-189.9,189.9,Hard Constraint,SOXYALI8,AUG_2025,PeakWD,86.11
8422 I_DUPSW4 8819 I_DUPP14 2,Line,From - To,189.9,189.9,Hard Constraint,SI_DALI8,AUG_2025,PeakWE,80.77
8422 I_DUPSW4 8819 I_DUPP14 2,Line,To - From,-189.9,189.9,Hard Constraint,SOXYALI8,AUG_2025,PeakWE,15.21
8422 I_DUPSW4 8819 I_DUPP14 2,Line,To - From,-189.9,189.9,Hard Constraint,SOXYIN28,AUG_2025,PeakWE,8.65
8422 I_DUPSW4 8819 I_DUPP14 2,Line,From - To,189.9,189.9,Hard Constraint,SOXYIN28,AUG_2025,PeakWE,5.21
8422 I_DUPSW4 8979 AIR_LIQI 1,Line,From - To,191.7,191.7,Hard Constraint,SOXYIN28,AUG_2025,Off-peak,11.38
8422 I_DUPSW4 8979 AIR_LIQI 1,Line,From - To,191.7,191.7,Hard Constraint,SOXYIN28,AUG_2025,PeakWD,34.55
8441 NUECES_B 8474 MORRIS4A 1,Line,From - To,185.4,185.4,Hard Constraint,DHWIND89,AUG_2025,Off-peak,26.05
8441 NUECES_B 8474 MORRIS4A 1,Line,To - From,-185.4,185.4,Hard Constraint,SCITNUE8,AUG_2025,Off-peak,19.51
8441 NUECES_B 8474 MORRIS4A 1,Line,From - To,185.4,185.4,Hard Constraint,SCITNUE8,AUG_2025,Off-peak,184.23
8441 NUECES_B 8474 MORRIS4A 1,Line,From - To,185.4,185.4,Hard Constraint,DHWIND89,AUG_2025,PeakWD,427.53
8441 NUECES_B 8474 MORRIS4A 1,Line,To - From,-185.4,185.4,Hard Constraint,SCITNUE8,AUG_2025,PeakWD,172.05
8441 NUECES_B 8474 MORRIS4A 1,Line,From - To,185.4,185.4,Hard Constraint,SCITNUE8,AUG_2025,PeakWD,2466.63
8441 NUECES_B 8474 MORRIS4A 1,Line,From - To,185.4,185.4,Hard Constraint,DHWIND89,AUG_2025,PeakWE,121.56
8441 NUECES_B 8474 MORRIS4A 1,Line,To - From,-185.4,185.4,Hard Constraint,SCITNUE8,AUG_2025,PeakWE,19.21
8441 NUECES_B 8474 MORRIS4A 1,Line,From - To,185.4,185.4,Hard Constraint,SCITNUE8,AUG_2025,PeakWE,567.01
845 GPL_GIRVI 136347 TRBT_S 1,Line,From - To,645.3,645.3,Hard Constraint,DCONLNG5,AUG_2025,Off-peak,2.48
8452 LON_HILL 8478 EQUISTAR 1,Line,From - To,162.9,162.9,Hard Constraint,,AUG_2025,Off-peak,78.73
8452 LON_HILL 8478 EQUISTAR 1,Line,To - From,-162.9,162.9,Hard Constraint,,AUG_2025,PeakWD,32.47
8452 LON_HILL 8478 EQUISTAR 1,Line,To - From,-162.9,162.9,Hard Constraint,,AUG_2025,PeakWE,33.87
8455 LONHILL7 8579 KATOEN7A 1,Line,From - To,951.3,951.3,Hard Constraint,DFOWSMG5,AUG_2025,PeakWE,27.36
8470 HIWAY_94 80260 GILA4A 1,Line,To - From,-250.2,250.2,Hard Constraint,SGILNU78,AUG_2025,Off-peak,5.13
8476 CHAMPLIN 8479 CLARK_WD 1,Line,From - To,199.8,199.8,Hard Constraint,DLONSAX8,AUG_2025,PeakWD,518.96
8476 CHAMPLIN 8479 CLARK_WD 1,Line,From - To,199.8,199.8,Hard Constraint,DLONSAX8,AUG_2025,PeakWE,127.1
8483 SOUTH_SI 8486 HOLLY4A 1,Line,To - From,-186.3,186.3,Hard Constraint,SHOLWES8,AUG_2025,Off-peak,77.67
8483 SOUTH_SI 8486 HOLLY4A 1,Line,To - From,-186.3,186.3,Hard Constraint,SHOLWES8,AUG_2025,PeakWD,224.99
8485 WESTSIDE 8858 MCKENZIE 1,Line,From - To,141.3,141.3,Hard Constraint,DNUEGIL8,AUG_2025,PeakWD,817.63
8485 WESTSIDE 8858 MCKENZIE 1,Line,From - To,141.3,141.3,Hard Constraint,DNUEGIL8,AUG_2025,PeakWE,218.56
8526 STECTLA4 8610 COTULLA4 1,Line,To - From,-219.6,219.6,Hard Constraint,DFOWSMG5,AUG_2025,Off-peak,1723.93
8536 PV_TAP2A 80135 NCARBID 1,Line,To - From,-54.9,54.9,Hard Constraint,SPLAVIC9,AUG_2025,Off-peak,75.2
8565 HECKER4A 80470 MCCAMPB 1,Line,From - To,219.6,219.6,Hard Constraint,SHECRES8,AUG_2025,Off-peak,28.64
8610 COTULLA4 8612 REVEILLE 1,Line,To - From,-219.6,219.6,Hard Constraint,DFOWSMG5,AUG_2025,Off-peak,3002.91
8610 COTULLA4 8612 REVEILLE 1,Line,To - From,-219.6,219.6,Hard Constraint,DFOWSMG5,AUG_2025,PeakWD,2401.8
8610 COTULLA4 8612 REVEILLE 1,Line,To - From,-219.6,219.6,Hard Constraint,DFOWSMG5,AUG_2025,PeakWE,712.72
8684 PICACHO4 8686 AMISTD4A 1,Line,From - To,74.0,74.0,Hard Constraint,DHUTGIL8,AUG_2025,Off-peak,14.88
8684 PICACHO4 8686 AMISTD4A 1,Line,To - From,-74.0,74.0,Hard Constraint,,AUG_2025,Off-peak,7.44
8684 PICACHO4 8686 AMISTD4A 1,Line,From - To,74.0,74.0,Hard Constraint,DHUTGIL8,AUG_2025,PeakWD,33.6
8684 PICACHO4 8686 AMISTD4A 1,Line,To - From,-74.0,74.0,Hard Constraint,,AUG_2025,PeakWD,30.24
8684 PICACHO4 8686 AMISTD4A 1,Line,From - To,73.9,73.9,Hard Constraint,DHUTGIL8,AUG_2025,PeakWE,11.2
8684 PICACHO4 8686 AMISTD4A 1,Line,To - From,-73.9,73.9,Hard Constraint,,AUG_2025,PeakWE,4.8
8708 AZTECA4A 8963 HEC4A 1,Line,To - From,-331.2,331.2,Hard Constraint,DMCOPHA8,AUG_2025,Off-peak,47.92
8708 AZTECA4A 8963 HEC4A 1,Line,To - From,-331.2,331.2,Hard Constraint,DMCOPHA8,AUG_2025,PeakWD,1900.08
8708 AZTECA4A 8963 HEC4A 1,Line,To - From,-331.2,331.2,Hard Constraint,DMCOPHA8,AUG_2025,PeakWE,557.92
8818 OXY_INGL 8979 AIR_LIQI 1,Line,From - To,191.7,191.7,Hard Constraint,SOXYIN28,AUG_2025,Off-peak,1.65
902 POES31569 981 SPNCRINT6 1,Line,To - From,-128.7,128.7,Hard Constraint,DBAKRED5,AUG_2025,Off-peak,5.89
902 POES31569 981 SPNCRINT6 1,Line,To - From,-128.7,128.7,Hard Constraint,DMDAVEN5,AUG_2025,PeakWD,676.54
902 POES31569 981 SPNCRINT6 1,Line,From - To,128.7,128.7,Hard Constraint,DMDAVEN5,AUG_2025,PeakWD,134.37
902 POES31569 981 SPNCRINT6 1,Line,From - To,128.7,128.7,Hard Constraint,DMDAVEN5,AUG_2025,PeakWE,56.61
9045 DUNLAP8 9188 DECK_MB3 1,Line,From - To,639.0,639.0,Hard Constraint,DGARHIC8,AUG_2025,Off-peak,1.25
9045 DUNLAP8 9188 DECK_MB3 1,Line,From - To,639.0,639.0,Hard Constraint,SDAFAUS8,AUG_2025,PeakWD,1731.59
9045 DUNLAP8 9188 DECK_MB3 1,Line,From - To,639.0,639.0,Hard Constraint,SDAFAUS8,AUG_2025,PeakWE,559.18
9139 AUSTNDAM 170022 AUSTDA 1,Line,From - To,216.0,216.0,Hard Constraint,,AUG_2025,Off-peak,3.69
9139 AUSTNDAM 170022 AUSTDA 1,Line,From - To,216.0,216.0,Hard Constraint,,AUG_2025,PeakWD,72.66
9139 AUSTNDAM 170022 AUSTDA 1,Line,From - To,216.0,216.0,Hard Constraint,DSALHUT5,AUG_2025,PeakWE,24.94
936 DIESEL_D 937 STEAM_D 1,Line,To - From,-97.2,97.2,Hard Constraint,SSTEGN_9,AUG_2025,Off-peak,3.82
95 HALLSBURG 3410 LAKE_CRK 1,Line,To - From,-166.5,166.5,Hard Constraint,SELMTH25,AUG_2025,PeakWD,6.55
960 SHELBY1 991 SABINECRK 1,Line,To - From,-211.5,211.5,Hard Constraint,SWALWLN8,AUG_2025,PeakWE,116.41
E_PASP,Non-Thermal Constraints, ,549.7,549.7,Hard Constraint,,AUG_2025,Off-peak,621.78
E_PASP,Non-Thermal Constraints, ,596.5,596.5,Hard Constraint,,AUG_2025,PeakWD,18523.09
E_PASP,Non-Thermal Constraints, ,592.2,592.2,Hard Constraint,,AUG_2025,PeakWE,7134.92
HMLTN,Non-Thermal Constraints, ,61.2,61.2,Hard Constraint,,AUG_2025,PeakWD,1504.29
HMLTN,Non-Thermal Constraints, ,61.2,61.2,Hard Constraint,,AUG_2025,PeakWE,684.63
I_KALO,Non-Thermal Constraints, ,542.7,542.7,Hard Constraint,,AUG_2025,Off-peak,95.22
I_PASP,Non-Thermal Constraints, ,433.8,433.8,Hard Constraint,,AUG_2025,PeakWD,6635.54
I_PASP,Non-Thermal Constraints, ,433.8,433.8,Hard Constraint,,AUG_2025,PeakWE,1989.52
NELRIO,Non-Thermal Constraints, ,837.9,837.9,Hard Constraint,,AUG_2025,Off-peak,91.8
NELRIO,Non-Thermal Constraints, ,837.9,837.9,Hard Constraint,,AUG_2025,PeakWD,522.46
NELRIO,Non-Thermal Constraints, ,837.9,837.9,Hard Constraint,,AUG_2025,PeakWE,238.61
NE_LOB,Non-Thermal Constraints, ,1569.6,1569.6,Hard Constraint,,AUG_2025,Off-peak,103.23
PNHNDL,Non-Thermal Constraints, ,3596.4,3596.4,Hard Constraint,,AUG_2025,PeakWD,43.97
PNHNDL,Non-Thermal Constraints, ,3596.4,3596.4,Hard Constraint,,AUG_2025,PeakWE,43.19
VALEXP,Non-Thermal Constraints, ,844.2,844.2,Hard Constraint,,AUG_2025,Off-peak,1.88
VALEXP,Non-Thermal Constraints, ,858.0,858.0,Hard Constraint,,AUG_2025,PeakWE,35.93
ZAPSTR,Non-Thermal Constraints, ,202.5,202.5,Hard Constraint,,AUG_2025,Off-peak,431.37
ZAPSTR,Non-Thermal Constraints, ,202.5,202.5,Hard Constraint,,AUG_2025,PeakWD,430.12
ZAPSTR,Non-Thermal Constraints, ,202.5,202.5,Hard Constraint,,AUG_2025,PeakWE,181.5
1305 SNYDER_8 138 1306 SNYDER_9 69 1,Transformer,To - From,-56.7,56.7,Hard Constraint,SSNYCGR8,AUG_2025,Off-peak,405.21
1305 SNYDER_8 138 1306 SNYDER_9 69 1,Transformer,From - To,56.7,56.7,Hard Constraint,SECRDMT8,AUG_2025,PeakWD,2.82
1305 SNYDER_8 138 1306 SNYDER_9 69 1,Transformer,To - From,-56.7,56.7,Hard Constraint,SSNYCGR8,AUG_2025,PeakWD,27.92
1305 SNYDER_8 138 1306 SNYDER_9 69 1,Transformer,To - From,-56.7,56.7,Hard Constraint,XCGR89,AUG_2025,PeakWD,723.22
1305 SNYDER_8 138 1306 SNYDER_9 69 1,Transformer,To - From,-56.7,56.7,Hard Constraint,XCGR89,AUG_2025,PeakWE,235.43
151195 DEC_1X 13.8 151205 DEC_1_ 1 2,Transformer,From - To,63.0,63.0,Hard Constraint,DMDAVEN5,AUG_2025,Off-peak,18.07
151195 DEC_1X 13.8 151205 DEC_1_ 1 2,Transformer,From - To,63.0,63.0,Hard Constraint,DMDAVEN5,AUG_2025,PeakWD,80.21
151195 DEC_1X 13.8 151205 DEC_1_ 1 2,Transformer,From - To,63.0,63.0,Hard Constraint,DMDAVEN5,AUG_2025,PeakWE,1.6
151196 DEC_1Y 13.8 151205 DEC_1_ 1 2,Transformer,From - To,63.0,63.0,Hard Constraint,DMDAVEN5,AUG_2025,Off-peak,18.07
151196 DEC_1Y 13.8 151205 DEC_1_ 1 2,Transformer,To - From,-63.0,63.0,Hard Constraint,DMDAVEN5,AUG_2025,PeakWD,194.45
151196 DEC_1Y 13.8 151205 DEC_1_ 1 2,Transformer,From - To,63.0,63.0,Hard Constraint,DMDAVEN5,AUG_2025,PeakWD,257.86
151196 DEC_1Y 13.8 151205 DEC_1_ 1 2,Transformer,From - To,63.0,63.0,Hard Constraint,DMDAVEN5,AUG_2025,PeakWE,35.53
151199 DEC_2X 13.8 151206 DEC_2_ 1 3,Transformer,From - To,63.0,63.0,Hard Constraint,DMDAVEN5,AUG_2025,PeakWE,39.59
151200 DEC_2Y 13.8 151206 DEC_2_ 1 3,Transformer,From - To,63.0,63.0,Hard Constraint,DMDAVEN5,AUG_2025,Off-peak,45.35
151200 DEC_2Y 13.8 151206 DEC_2_ 1 3,Transformer,To - From,-63.0,63.0,Hard Constraint,DMDAVEN5,AUG_2025,PeakWD,161.77
151200 DEC_2Y 13.8 151206 DEC_2_ 1 3,Transformer,From - To,63.0,63.0,Hard Constraint,DMDAVEN5,AUG_2025,PeakWD,228.97
151200 DEC_2Y 13.8 151206 DEC_2_ 1 3,Transformer,From - To,63.0,63.0,Hard Constraint,SAEEABE5,AUG_2025,PeakWE,89.52
151202 DEC_1_ 138 151205 DEC_1_ 1 2,Transformer,To - From,-126.0,126.0,Hard Constraint,DMDAVEN5,AUG_2025,PeakWE,52.39
151203 DEC_2_ 138 151206 DEC_2_ 1 3,Transformer,To - From,-126.0,126.0,Hard Constraint,DMDAVEN5,AUG_2025,PeakWD,80.21
1693 PARIS_SW 138 24094 PRSSW1_ 1 1,Transformer,To - From,-675.0,675.0,Hard Constraint,DVLSPAC5,AUG_2025,PeakWE,17.97
3109 STRYKER_ 345 24104 SCSES1_ 1 1,Transformer,From - To,471.6,471.6,Hard Constraint,SGRDSCS8,AUG_2025,PeakWE,0.34
3110 STRYKER_ 138 24104 SCSES1_ 1 1,Transformer,To - From,-471.6,471.6,Hard Constraint,XLFK58,AUG_2025,PeakWD,160.61
3127 TRINIDAD 138 24112 TRSES6_ 1 1,Transformer,To - From,-258.3,258.3,Hard Constraint,,AUG_2025,PeakWD,92.48
3127 TRINIDAD 138 24112 TRSES6_ 1 1,Transformer,To - From,-258.3,258.3,Hard Constraint,,AUG_2025,PeakWE,6.54
3479 NAVARRO1 69 24088 NVARO2_ 1 1,Transformer,To - From,-88.3,88.3,Hard Constraint,SRIELCS8,AUG_2025,Off-peak,15.32
3614 MEXIA_NO 69 3632 MEXIA2_1 138 1,Transformer,To - From,-91.3,91.3,Hard Constraint,SRIELCS8,AUG_2025,PeakWE,13.58
37410 TNLKWHI 138 37420 TNLKWHI 69 1,Transformer,To - From,-108.0,108.0,Hard Constraint,SOLSBOS8,AUG_2025,Off-peak,114.54
37410 TNLKWHI 138 37420 TNLKWHI 69 1,Transformer,To - From,-108.0,108.0,Hard Constraint,SOLSBOS8,AUG_2025,PeakWD,450.97
37410 TNLKWHI 138 37420 TNLKWHI 69 1,Transformer,To - From,-108.0,108.0,Hard Constraint,SOLSBOS8,AUG_2025,PeakWE,244.87
393 CONCORD 345 394 CONCORD8 138 2,Transformer,From - To,270.0,270.0,Hard Constraint,XCRD58,AUG_2025,Off-peak,33.26
39703 TNFM524 138 39704 TNFM524 69 1,Transformer,To - From,-150.3,150.3,Hard Constraint,SPHISC29,AUG_2025,Off-peak,0.5
40000 CEDARP_ 345 49106 CEDARP_ 1 A1,Transformer,From - To,709.2,709.2,Hard Constraint,DCHBJO25,AUG_2025,Off-peak,9.23
40010 CEDARP_ 138 49106 CEDARP_ 1 A1,Transformer,To - From,-709.2,709.2,Hard Constraint,DCHBJO25,AUG_2025,PeakWE,8.49
40015 CEDARP_ 138 49110 CEDARP_ 1 A3,Transformer,To - From,-807.3,807.3,Hard Constraint,DCHBJO25,AUG_2025,Off-peak,7.05
40015 CEDARP_ 138 49110 CEDARP_ 1 A3,Transformer,To - From,-807.3,807.3,Hard Constraint,DCHBJO25,AUG_2025,PeakWD,2.3
45515 T_H_W__ 138 49181 T_H_W__ 1 A3,Transformer,To - From,-645.3,645.3,Hard Constraint,SDHTHW8,AUG_2025,PeakWD,88.16
45515 T_H_W__ 138 49181 T_H_W__ 1 A3,Transformer,To - From,-645.3,645.3,Hard Constraint,SDHTHW8,AUG_2025,PeakWE,3.63
49180 T_H_W__ 1 49210 GENTHW1 13.2 A2,Transformer,To - From,-22.5,22.5,Hard Constraint,DBAKRED5,AUG_2025,Off-peak,19.56
49180 T_H_W__ 1 49210 GENTHW1 13.2 A2,Transformer,From - To,22.5,22.5,Hard Constraint,DMDAVEN5,AUG_2025,Off-peak,6.81
49180 T_H_W__ 1 49210 GENTHW1 13.2 A2,Transformer,To - From,-22.5,22.5,Hard Constraint,DMDAVEN5,AUG_2025,PeakWD,97.52
49180 T_H_W__ 1 49210 GENTHW1 13.2 A2,Transformer,From - To,22.5,22.5,Hard Constraint,DMDAVEN5,AUG_2025,PeakWD,12.77
49180 T_H_W__ 1 49210 GENTHW1 13.2 A2,Transformer,To - From,-22.5,22.5,Hard Constraint,DMDAVEN5,AUG_2025,PeakWE,44.34
49180 T_H_W__ 1 49210 GENTHW1 13.2 A2,Transformer,From - To,22.5,22.5,Hard Constraint,DMDAVEN5,AUG_2025,PeakWE,4.9
5648 LOYOLASU 138 5650 LOYOLASW 69 1,Transformer,To - From,-36.0,36.0,Hard Constraint,SKLELOY8,AUG_2025,Off-peak,4387.61
5648 LOYOLASU 138 5650 LOYOLASW 69 1,Transformer,To - From,-36.0,36.0,Hard Constraint,SKINKLE8,AUG_2025,PeakWD,5648.61
5648 LOYOLASU 138 5650 LOYOLASW 69 1,Transformer,To - From,-36.0,36.0,Hard Constraint,SKLELOY8,AUG_2025,PeakWD,12065.58
5648 LOYOLASU 138 5650 LOYOLASW 69 1,Transformer,To - From,-36.0,36.0,Hard Constraint,SKINKLE8,AUG_2025,PeakWE,3727.71
5648 LOYOLASU 138 5650 LOYOLASW 69 1,Transformer,To - From,-36.0,36.0,Hard Constraint,SKLELOY8,AUG_2025,PeakWE,9494.85
5887 BRUNISW8 138 5888 BRUNISUB 69 1,Transformer,To - From,-33.3,33.3,Hard Constraint,SLAQLOB8,AUG_2025,Off-peak,4898.74
5887 BRUNISW8 138 5888 BRUNISUB 69 1,Transformer,To - From,-33.3,33.3,Hard Constraint,SLAQLOB8,AUG_2025,PeakWD,618.74
5887 BRUNISW8 138 5888 BRUNISUB 69 1,Transformer,To - From,-33.3,33.3,Hard Constraint,SLAQLOB8,AUG_2025,PeakWE,288.88
59174 LP_BRAN 12.47 59175 LP_BRAN 69 2,Transformer,From - To,22.5,22.5,Hard Constraint,,AUG_2025,Off-peak,35.3
59174 LP_BRAN 12.47 59175 LP_BRAN 69 2,Transformer,From - To,23.7,23.7,Hard Constraint,,AUG_2025,PeakWD,23.36
59174 LP_BRAN 12.47 59175 LP_BRAN 69 2,Transformer,To - From,-23.9,23.9,Hard Constraint,,AUG_2025,PeakWE,1.41
59174 LP_BRAN 12.47 59175 LP_BRAN 69 2,Transformer,From - To,23.9,23.9,Hard Constraint,,AUG_2025,PeakWE,160.5
5930 PWRPLT69 69 59300 PWRPLAN 138 1,Transformer,To - From,-64.8,64.8,Hard Constraint,XSI2L89,AUG_2025,Off-peak,37.2
5930 PWRPLT69 69 59300 PWRPLAN 138 1,Transformer,From - To,64.8,64.8,Hard Constraint,XSI2L89,AUG_2025,Off-peak,37.2
5930 PWRPLT69 69 59300 PWRPLAN 138 1,Transformer,To - From,-64.4,64.4,Hard Constraint,XSI2L89,AUG_2025,PeakWD,40.32
5930 PWRPLT69 69 59300 PWRPLAN 138 1,Transformer,From - To,64.4,64.4,Hard Constraint,XSI2L89,AUG_2025,PeakWD,6.72
5930 PWRPLT69 69 59300 PWRPLAN 138 1,Transformer,To - From,-64.7,64.7,Hard Constraint,XSI2L89,AUG_2025,PeakWE,14.4
5930 PWRPLT69 69 59300 PWRPLAN 138 1,Transformer,From - To,64.7,64.7,Hard Constraint,XSI2L89,AUG_2025,PeakWE,33.6
60040 BLF_CRK 345 60074 BLCKDUM 1 2,Transformer,To - From,-668.7,668.7,Hard Constraint,,AUG_2025,Off-peak,19.84
60040 BLF_CRK 345 60074 BLCKDUM 1 2,Transformer,To - From,-668.7,668.7,Hard Constraint,,AUG_2025,PeakWE,4.8
60040 BLF_CRK 345 60075 BLCKDUM 1 1,Transformer,To - From,-668.7,668.7,Hard Constraint,,AUG_2025,Off-peak,7.44
60040 BLF_CRK 345 60075 BLCKDUM 1 1,Transformer,To - From,-668.7,668.7,Hard Constraint,,AUG_2025,PeakWD,6.72
60040 BLF_CRK 345 60075 BLCKDUM 1 1,Transformer,From - To,668.7,668.7,Hard Constraint,,AUG_2025,PeakWD,47.04
60040 BLF_CRK 345 60075 BLCKDUM 1 1,Transformer,To - From,-668.7,668.7,Hard Constraint,,AUG_2025,PeakWE,0
60384 SOLSTIC 138 60385 SOLSTIC 138 P1,Transformer,From - To,166.5,166.5,Hard Constraint,SBAKNOR5,AUG_2025,Off-peak,402.07
60384 SOLSTIC 138 60385 SOLSTIC 138 P1,Transformer,From - To,166.5,166.5,Hard Constraint,SPIGSOL8,AUG_2025,PeakWD,105.98
6148 SPUR2A 69 6150 SPUR4A 138 1,Transformer,To - From,-55.8,55.8,Hard Constraint,SPA2PAD9,AUG_2025,Off-peak,38.2
6148 SPUR2A 69 6150 SPUR4A 138 1,Transformer,To - From,-55.8,55.8,Hard Constraint,SPA2PAD9,AUG_2025,PeakWD,269.72
620 BOWIE8 138 621 BOWIE9 69 1,Transformer,From - To,67.5,67.5,Hard Constraint,SLKAWFS8,AUG_2025,Off-peak,334.86
6216 BLF_CRK4 138 60075 BLCKDUM 1 1,Transformer,From - To,766.8,766.8,Hard Constraint,SH_HBLU8,AUG_2025,Off-peak,2.48
6216 BLF_CRK4 138 60075 BLCKDUM 1 1,Transformer,To - From,-766.8,766.8,Hard Constraint,SH_HBLU8,AUG_2025,PeakWD,12.31
6216 BLF_CRK4 138 60075 BLCKDUM 1 1,Transformer,To - From,-766.8,766.8,Hard Constraint,SH_HBLU8,AUG_2025,PeakWE,9.6
6216 BLF_CRK4 138 60075 BLCKDUM 1 1,Transformer,From - To,766.8,766.8,Hard Constraint,SH_HBLU8,AUG_2025,PeakWE,1.6
6353 SANA2A 69 6355 SANA4A 138 1,Transformer,To - From,-45.0,45.0,Hard Constraint,SCOLBAL8,AUG_2025,Off-peak,395.19
6353 SANA2A 69 6355 SANA4A 138 1,Transformer,To - From,-45.0,45.0,Hard Constraint,SCOLBAL8,AUG_2025,PeakWD,3464.16
6353 SANA2A 69 6355 SANA4A 138 1,Transformer,To - From,-45.0,45.0,Hard Constraint,SCOLBAL8,AUG_2025,PeakWE,2021.28
6654 HOEFSROA 69 69023 HOEFSRO 12.47 1,Transformer,To - From,-8.4,8.4,Hard Constraint,DSCOFAR5,AUG_2025,Off-peak,39.55
6654 HOEFSROA 69 69023 HOEFSRO 12.47 1,Transformer,From - To,8.4,8.4,Hard Constraint,,AUG_2025,Off-peak,21.85
6654 HOEFSROA 69 69023 HOEFSRO 12.47 1,Transformer,To - From,-8.9,8.9,Hard Constraint,,AUG_2025,PeakWD,63.41
6654 HOEFSROA 69 69023 HOEFSRO 12.47 1,Transformer,From - To,8.9,8.9,Hard Constraint,,AUG_2025,PeakWD,44.41
6654 HOEFSROA 69 69023 HOEFSRO 12.47 1,Transformer,To - From,-9.1,9.1,Hard Constraint,,AUG_2025,PeakWE,29.05
6654 HOEFSROA 69 69023 HOEFSRO 12.47 1,Transformer,From - To,9.1,9.1,Hard Constraint,,AUG_2025,PeakWE,10.84
7087 L_CORONA 138 7093 L_CORONA 69 4,Transformer,From - To,44.4,44.4,Hard Constraint,SCTEBUC9,AUG_2025,Off-peak,86.8
7087 L_CORONA 138 7093 L_CORONA 69 4,Transformer,To - From,-40.3,40.3,Hard Constraint,,AUG_2025,Off-peak,247.46
7087 L_CORONA 138 7093 L_CORONA 69 4,Transformer,From - To,44.4,44.4,Hard Constraint,SCTEBUC9,AUG_2025,PeakWD,426.55
7087 L_CORONA 138 7093 L_CORONA 69 4,Transformer,To - From,-40.3,40.3,Hard Constraint,,AUG_2025,PeakWD,1344
7087 L_CORONA 138 7093 L_CORONA 69 4,Transformer,From - To,44.4,44.4,Hard Constraint,SCTEBUC9,AUG_2025,PeakWE,240
7087 L_CORONA 138 7093 L_CORONA 69 4,Transformer,To - From,-40.3,40.3,Hard Constraint,,AUG_2025,PeakWE,320
7170 L_BERGHE 138 77855 L_BERGH 1 1,Transformer,To - From,-332.6,332.6,Hard Constraint,DZORHAY5,AUG_2025,PeakWD,262.86
7170 L_BERGHE 138 77855 L_BERGH 1 1,Transformer,To - From,-332.6,332.6,Hard Constraint,DZORHAY5,AUG_2025,PeakWE,90.82
7356 L_MARSFO 138 77360 L_MARSF 1 2,Transformer,To - From,-40.5,40.5,Hard Constraint,,AUG_2025,Off-peak,2.48
7356 L_MARSFO 138 77360 L_MARSF 1 2,Transformer,To - From,-40.5,40.5,Hard Constraint,,AUG_2025,PeakWD,15.97
7356 L_MARSFO 138 77360 L_MARSF 1 2,Transformer,From - To,40.5,40.5,Hard Constraint,,AUG_2025,PeakWE,3.2
77359 L_MARSF 1 170031 MAR_MA 13.8 1,Transformer,From - To,40.5,40.5,Hard Constraint,,AUG_2025,Off-peak,2.48
77359 L_MARSF 1 170031 MAR_MA 13.8 1,Transformer,To - From,-40.5,40.5,Hard Constraint,,AUG_2025,PeakWD,16.8
77359 L_MARSF 1 170031 MAR_MA 13.8 1,Transformer,To - From,-40.5,40.5,Hard Constraint,,AUG_2025,PeakWE,1.6
77360 L_MARSF 1 170033 MAR_MA 13.8 2,Transformer,To - From,-40.5,40.5,Hard Constraint,,AUG_2025,PeakWD,16.8
80219 LOBO7A 345 80221 LOBO4A 138 2,Transformer,From - To,645.3,645.3,Hard Constraint,XLOB258,AUG_2025,Off-peak,8.36
80219 LOBO7A 345 80221 LOBO4A 138 2,Transformer,From - To,645.3,645.3,Hard Constraint,XLOB258,AUG_2025,PeakWD,369.28
80219 LOBO7A 345 80221 LOBO4A 138 2,Transformer,From - To,645.3,645.3,Hard Constraint,XLOB258,AUG_2025,PeakWE,162.26
816 OLINGER_9 69 818 OLINGER 138 1,Transformer,From - To,90.0,90.0,Hard Constraint,SMCCCNR5,AUG_2025,Off-peak,0.56
816 OLINGER_9 69 818 OLINGER 138 1,Transformer,To - From,-90.0,90.0,Hard Constraint,SW_LVLT5,AUG_2025,Off-peak,7.44
816 OLINGER_9 69 818 OLINGER 138 1,Transformer,To - From,-90.0,90.0,Hard Constraint,,AUG_2025,PeakWD,347.76
816 OLINGER_9 69 818 OLINGER 138 1,Transformer,To - From,-90.0,90.0,Hard Constraint,SFMRRYS5,AUG_2025,PeakWE,17.23
8273 PUEBLO4A 138 89332 PUEBLO0 12.47 T1,Transformer,To - From,-27.0,27.0,Hard Constraint,DHUTGIL8,AUG_2025,Off-peak,94.24
8273 PUEBLO4A 138 89332 PUEBLO0 12.47 T1,Transformer,To - From,-27.0,27.0,Hard Constraint,DHUTGIL8,AUG_2025,PeakWD,329.67
8273 PUEBLO4A 138 89332 PUEBLO0 12.47 T1,Transformer,To - From,-27.0,27.0,Hard Constraint,DHUTGIL8,AUG_2025,PeakWE,89.6
8273 PUEBLO4A 138 89339 PUEBLO0 12.47 T2,Transformer,From - To,27.0,27.0,Hard Constraint,DHUTGIL8,AUG_2025,Off-peak,94.24
8273 PUEBLO4A 138 89339 PUEBLO0 12.47 T2,Transformer,From - To,27.0,27.0,Hard Constraint,DHUTGIL8,AUG_2025,PeakWD,273.32
8273 PUEBLO4A 138 89339 PUEBLO0 12.47 T2,Transformer,From - To,27.0,27.0,Hard Constraint,DHUTGIL8,AUG_2025,PeakWE,89.6
8299 ZAPATA4A 138 89353 ZAPATA0 12.47 T2,Transformer,From - To,22.5,22.5,Hard Constraint,DHUTGIL8,AUG_2025,Off-peak,74.4
8299 ZAPATA4A 138 89353 ZAPATA0 12.47 T2,Transformer,To - From,-22.5,22.5,Hard Constraint,SZAPBRP0,AUG_2025,Off-peak,59.52
8299 ZAPATA4A 138 89353 ZAPATA0 12.47 T2,Transformer,From - To,22.5,22.5,Hard Constraint,DHUTGIL8,AUG_2025,PeakWD,110.88
8299 ZAPATA4A 138 89353 ZAPATA0 12.47 T2,Transformer,To - From,-22.5,22.5,Hard Constraint,SZAPBRP0,AUG_2025,PeakWD,84
8299 ZAPATA4A 138 89353 ZAPATA0 12.47 T2,Transformer,From - To,22.5,22.5,Hard Constraint,DHUTGIL8,AUG_2025,PeakWE,19.2
8299 ZAPATA4A 138 89353 ZAPATA0 12.47 T2,Transformer,To - From,-22.5,22.5,Hard Constraint,SZAPBRP0,AUG_2025,PeakWE,14.4
8299 ZAPATA4A 138 89443 ZAPATA0 12.47 T1,Transformer,From - To,22.5,22.5,Hard Constraint,DHUTGIL8,AUG_2025,Off-peak,9.92
8299 ZAPATA4A 138 89443 ZAPATA0 12.47 T1,Transformer,To - From,-22.5,22.5,Hard Constraint,SZA2BRP0,AUG_2025,Off-peak,9.92
8299 ZAPATA4A 138 89443 ZAPATA0 12.47 T1,Transformer,From - To,22.5,22.5,Hard Constraint,DHUTGIL8,AUG_2025,PeakWD,43.68
8299 ZAPATA4A 138 89443 ZAPATA0 12.47 T1,Transformer,To - From,-22.5,22.5,Hard Constraint,SZA2BRP0,AUG_2025,PeakWD,16.8
8299 ZAPATA4A 138 89443 ZAPATA0 12.47 T1,Transformer,To - From,-22.5,22.5,Hard Constraint,SZA2BRP0,AUG_2025,PeakWE,14.4
8319 RIOHONDO 138 8324 RH1DUM 1 1,Transformer,To - From,-384.3,384.3,Hard Constraint,XRIO558,AUG_2025,PeakWD,141.95
8319 RIOHONDO 138 8324 RH1DUM 1 1,Transformer,To - From,-384.3,384.3,Hard Constraint,XRIO558,AUG_2025,PeakWE,67.1
8397 GARZA2A 69 8399 GARZA4A 138 1,Transformer,To - From,-81.0,81.0,Hard Constraint,XRIO89,AUG_2025,PeakWD,28.1
8793 RIO_GRAN 138 8797 RIO_GRAN 69 1,Transformer,To - From,-81.0,81.0,Hard Constraint,SRIOGA19,AUG_2025,PeakWD,59.85
936 DIESEL_D 69 952 DIESELA 13 1,Transformer,From - To,22.5,22.5,Hard Constraint,DMDAVEN5,AUG_2025,Off-peak,2.48
936 DIESEL_D 69 952 DIESELA 13 1,Transformer,From - To,22.5,22.5,Hard Constraint,SAEEABE5,AUG_2025,PeakWD,97.09
936 DIESEL_D 69 952 DIESELA 13 1,Transformer,To - From,-22.5,22.5,Hard Constraint,STNWTDW5,AUG_2025,PeakWD,147.62
936 DIESEL_D 69 952 DIESELA 13 1,Transformer,To - From,-22.5,22.5,Hard Constraint,DMDAVEN5,AUG_2025,PeakWE,14.09
